,Date,Date_cont,Month,Season,Plant_num,Plant,Type,LeafAge,Cq_mean,Concentration_mean(ng/ul),Lab,atm_CO2,atm_d13C,Discrimination,Ci/Ca,WUE,Delta15N,Delta13C,PercentN,PercentC,culture_richness,culture_abundance,culture_shannon,culture_effective,R_offset,A_offset,SWinCorr.W.m2,SWoutCorr.W.m2,LWinCorr.W.m2,LWoutCorr.W.m2,RadTemp.C,Precipitation_mm,AirTemperature_C,SolarRadiation_W.m2,NetRadiation_W.m2,RelativeHumidity_percent,WindDirection_degree,WindSpeed_m.s,SnowDepth_cm,VMC_P1_05,VMC_.P1_15,VMC_P1_30,VMC_P1_50,VMC_P1_100,VMC_P2_05,VMC_.P2_15,VMC_P2_30,VMC_P2_60,VMC_P2_100,ST_P1_05,ST_P1_15,ST_P1_30,ST_P1_50,ST_P1_100,ST_P2_05,ST_P2_15,ST_P2_30,ST_P2_60,ST_P2_100,SoilT_west_02.C,SoilT_west_08.C,SoilT_east_02.C,SoilT_east_08.C,Heatflux_west_08.W.m2,Heatflux_east_08.W.m2
DC10PA,3/12/2021,0,March,Spring,1,A,Persistent,18,18.37,1.77,V-132595,417.16,-8.66,18.70234499,0.632847123,95.72593378,2.02,-26.86,1.77,48.85,8,376,1.13497345,3,NA,NA,731.839,40.078,260.34425,337.3742917,5.624166667,6.49,5.93125,210.3787083,93.27091667,44.75941667,138.4579167,2.417541667,13.607625,0.159175,0.230745833,NA,0.1295625,NA,0.219725,0.214075,0.184254167,0.13975,NA,0.770833333,1.035,1.62125,2.17,3.445833333,0.37875,0.940833333,NA,2.279583333,3.406666667,NA,NA,NA,2.06625,-0.06325,-0.116458333
DC10PB,3/12/2021,0,March,Spring,2,B,Persistent,18,22.6,0.103,V-132596,417.16,-8.66,18.82797887,0.638406145,94.27655793,1.91,-26.98,2.38,44.33,8,156,1.264893627,4,NA,NA,731.839,40.078,260.34425,337.3742917,5.624166667,6.49,5.93125,210.3787083,93.27091667,44.75941667,138.4579167,2.417541667,13.607625,0.159175,0.230745833,NA,0.1295625,NA,0.219725,0.214075,0.184254167,0.13975,NA,0.770833333,1.035,1.62125,2.17,3.445833333,0.37875,0.940833333,NA,2.279583333,3.406666667,NA,NA,NA,2.06625,-0.06325,-0.116458333
DC10PC,3/12/2021,0,March,Spring,3,C,Persistent,18,20.99,0.304,V-132597,417.16,-8.66,18.89080743,0.64118617,93.55173593,1.91,-27.04,1.43,45.06,9,606,1.524552418,5,NA,NA,731.839,40.078,260.34425,337.3742917,5.624166667,6.49,5.93125,210.3787083,93.27091667,44.75941667,138.4579167,2.417541667,13.607625,0.159175,0.230745833,NA,0.1295625,NA,0.219725,0.214075,0.184254167,0.13975,NA,0.770833333,1.035,1.62125,2.17,3.445833333,0.37875,0.940833333,NA,2.279583333,3.406666667,NA,NA,NA,2.06625,-0.06325,-0.116458333
DC10PD,3/12/2021,0,March,Spring,4,D,Persistent,18,21.49,0.217,V-132598,417.16,-8.66,19.25746188,0.657409818,89.32182527,1.38,-27.39,1.87,47.84,9,567,1.197248312,3,NA,NA,731.839,40.078,260.34425,337.3742917,5.624166667,6.49,5.93125,210.3787083,93.27091667,44.75941667,138.4579167,2.417541667,13.607625,0.159175,0.230745833,NA,0.1295625,NA,0.219725,0.214075,0.184254167,0.13975,NA,0.770833333,1.035,1.62125,2.17,3.445833333,0.37875,0.940833333,NA,2.279583333,3.406666667,NA,NA,NA,2.06625,-0.06325,-0.116458333
DC10PE,3/12/2021,0,March,Spring,5,E,Persistent,18,20.1,0.553,V-132599,417.16,-8.66,19.01648781,0.646747248,92.10182372,1.2,-27.16,1.31,45.77,5,177,1.158223634,3,NA,NA,731.839,40.078,260.34425,337.3742917,5.624166667,6.49,5.93125,210.3787083,93.27091667,44.75941667,138.4579167,2.417541667,13.607625,0.159175,0.230745833,NA,0.1295625,NA,0.219725,0.214075,0.184254167,0.13975,NA,0.770833333,1.035,1.62125,2.17,3.445833333,0.37875,0.940833333,NA,2.279583333,3.406666667,NA,NA,NA,2.06625,-0.06325,-0.116458333
DC10PF,3/12/2021,0,March,Spring,6,F,Persistent,18,20.34,0.471,V-132600,417.16,-8.66,18.71281329,0.633310323,95.60516611,1.45,-26.87,1.66,47.76,8,462,1.064927151,3,NA,NA,731.839,40.078,260.34425,337.3742917,5.624166667,6.49,5.93125,210.3787083,93.27091667,44.75941667,138.4579167,2.417541667,13.607625,0.159175,0.230745833,NA,0.1295625,NA,0.219725,0.214075,0.184254167,0.13975,NA,0.770833333,1.035,1.62125,2.17,3.445833333,0.37875,0.940833333,NA,2.279583333,3.406666667,NA,NA,NA,2.06625,-0.06325,-0.116458333
DC11PA,3/26/2021,1,March,Spring,1,A,Persistent,19,25.07,0.00287,V-132601,417.16,-8.66,19.42516325,0.664830232,87.38713771,2.09,-27.55,1.79,50.31,11,173,1.346358815,4,8,376,723.688,32.48583333,285.8848333,339.189125,4.419583333,0,4.85625,180.9569583,95.16704167,63.22370833,178.0229167,2.894916667,5.398166667,0.168075,0.2329,NA,0.13285,NA,0.245854167,0.216495833,0.1878375,0.146970833,NA,3.70125,3.590833333,3.61875,3.680833333,4.0975,3.320833333,3.395,NA,3.64625,4.062083333,NA,NA,NA,4.44875,-0.015125,-0.021875
DC11PB,3/26/2021,1,March,Spring,2,B,Persistent,19,38.05,0.00000316,V-132602,417.16,-8.66,17.9910045,0.60137188,103.9323165,1.74,-26.18,1.37,45.48,8,59,1.374758553,4,8,156,723.688,32.48583333,285.8848333,339.189125,4.419583333,0,4.85625,180.9569583,95.16704167,63.22370833,178.0229167,2.894916667,5.398166667,0.168075,0.2329,NA,0.13285,NA,0.245854167,0.216495833,0.1878375,0.146970833,NA,3.70125,3.590833333,3.61875,3.680833333,4.0975,3.320833333,3.395,NA,3.64625,4.062083333,NA,NA,NA,4.44875,-0.015125,-0.021875
DC11PC,3/26/2021,1,March,Spring,3,C,Persistent,19,23.78,0.0466,V-132605,417.16,-8.66,18.92222462,0.642576311,93.18929141,2.36,-27.07,2.76,45.46,8,106,1.084789394,3,9,606,723.688,32.48583333,285.8848333,339.189125,4.419583333,0,4.85625,180.9569583,95.16704167,63.22370833,178.0229167,2.894916667,5.398166667,0.168075,0.2329,NA,0.13285,NA,0.245854167,0.216495833,0.1878375,0.146970833,NA,3.70125,3.590833333,3.61875,3.680833333,4.0975,3.320833333,3.395,NA,3.64625,4.062083333,NA,NA,NA,4.44875,-0.015125,-0.021875
DC11PD,3/26/2021,1,March,Spring,4,D,Persistent,19,26.65,0.00112,V-132606,417.16,-8.66,18.18966137,0.610162008,101.6405106,0.41,-26.37,1.93,45.94,12,163,1.337973452,4,9,567,723.688,32.48583333,285.8848333,339.189125,4.419583333,0,4.85625,180.9569583,95.16704167,63.22370833,178.0229167,2.894916667,5.398166667,0.168075,0.2329,NA,0.13285,NA,0.245854167,0.216495833,0.1878375,0.146970833,NA,3.70125,3.590833333,3.61875,3.680833333,4.0975,3.320833333,3.395,NA,3.64625,4.062083333,NA,NA,NA,4.44875,-0.015125,-0.021875
DC11PE,3/26/2021,1,March,Spring,5,E,Persistent,19,23.79,0.00617,V-132607,417.16,-8.66,19.23650309,0.656482438,89.56361646,1.33,-27.37,1.29,46.97,12,184,1.176507885,3,5,177,723.688,32.48583333,285.8848333,339.189125,4.419583333,0,4.85625,180.9569583,95.16704167,63.22370833,178.0229167,2.894916667,5.398166667,0.168075,0.2329,NA,0.13285,NA,0.245854167,0.216495833,0.1878375,0.146970833,NA,3.70125,3.590833333,3.61875,3.680833333,4.0975,3.320833333,3.395,NA,3.64625,4.062083333,NA,NA,NA,4.44875,-0.015125,-0.021875
DC11PF,3/26/2021,1,March,Spring,6,F,Persistent,19,25.74,0.00192,V-132608,417.16,-8.66,19.11076844,0.650918958,91.0141548,1.6,-27.25,1.84,48.04,8,613,0.917690091,3,8,462,723.688,32.48583333,285.8848333,339.189125,4.419583333,0,4.85625,180.9569583,95.16704167,63.22370833,178.0229167,2.894916667,5.398166667,0.168075,0.2329,NA,0.13285,NA,0.245854167,0.216495833,0.1878375,0.146970833,NA,3.70125,3.590833333,3.61875,3.680833333,4.0975,3.320833333,3.395,NA,3.64625,4.062083333,NA,NA,NA,4.44875,-0.015125,-0.021875
DC12PA,4/9/2021,2,April,Spring,1,A,Persistent,20,22.33,0.124,V-132609,418.24,-8.71,18.22197114,0.611591643,101.5299445,2.17,-26.45,2.27,48.56,6,94,0.65370193,2,11,173,923.5,49.1475,259.1241667,353.7629167,5.7125,0.03,5.7375,297.2133333,153.4275,33.94833333,142.1958333,1.962083333,3.630416667,0.131791667,0.216458333,NA,0.128,0.0095,0.203083333,0.196875,0.181041667,0.142958333,NA,5.554166667,5.4875,5.745833333,5.729166667,5.404166667,5.083333333,5.566666667,NA,5.608333333,5.341666667,NA,NA,NA,6.691666667,-0.06375,-0.101666667
DC12PB,4/9/2021,2,April,Spring,2,B,Persistent,20,21.88,0.167,V-132610,418.24,-8.71,18.22197114,0.611591643,101.5299445,2.02,-26.45,1.57,43.71,8,118,1.023853,3,8,59,923.5,49.1475,259.1241667,353.7629167,5.7125,0.03,5.7375,297.2133333,153.4275,33.94833333,142.1958333,1.962083333,3.630416667,0.131791667,0.216458333,NA,0.128,0.0095,0.203083333,0.196875,0.181041667,0.142958333,NA,5.554166667,5.4875,5.745833333,5.729166667,5.404166667,5.083333333,5.566666667,NA,5.608333333,5.341666667,NA,NA,NA,6.691666667,-0.06375,-0.101666667
DC12PC,4/9/2021,2,April,Spring,3,C,Persistent,20,21.3,0.247,V-134635,418.24,-8.71,18.32657045,0.616219931,100.32011,1.92,-26.55,2.2,44.85,8,143,0.682823721,2,8,106,923.5,49.1475,259.1241667,353.7629167,5.7125,0.03,5.7375,297.2133333,153.4275,33.94833333,142.1958333,1.962083333,3.630416667,0.131791667,0.216458333,NA,0.128,0.0095,0.203083333,0.196875,0.181041667,0.142958333,NA,5.554166667,5.4875,5.745833333,5.729166667,5.404166667,5.083333333,5.566666667,NA,5.608333333,5.341666667,NA,NA,NA,6.691666667,-0.06375,-0.101666667
DC12PD,4/9/2021,2,April,Spring,4,D,Persistent,20,21.92,0.163,V-134636,418.24,-8.71,19.26893219,0.657917353,89.4204038,2.58,-27.45,1.65,46.68,9,47,1.355612491,4,12,163,923.5,49.1475,259.1241667,353.7629167,5.7125,0.03,5.7375,297.2133333,153.4275,33.94833333,142.1958333,1.962083333,3.630416667,0.131791667,0.216458333,NA,0.128,0.0095,0.203083333,0.196875,0.181041667,0.142958333,NA,5.554166667,5.4875,5.745833333,5.729166667,5.404166667,5.083333333,5.566666667,NA,5.608333333,5.341666667,NA,NA,NA,6.691666667,-0.06375,-0.101666667
DC12PE,4/9/2021,2,April,Spring,5,E,Persistent,20,21.99,0.155,V-134637,418.24,-8.71,18.10693671,0.606501624,102.8604754,1.42,-26.34,1.45,46.73,15,105,1.513611889,5,12,184,923.5,49.1475,259.1241667,353.7629167,5.7125,0.03,5.7375,297.2133333,153.4275,33.94833333,142.1958333,1.962083333,3.630416667,0.131791667,0.216458333,NA,0.128,0.0095,0.203083333,0.196875,0.181041667,0.142958333,NA,5.554166667,5.4875,5.745833333,5.729166667,5.404166667,5.083333333,5.566666667,NA,5.608333333,5.341666667,NA,NA,NA,6.691666667,-0.06375,-0.101666667
DC12PF,4/9/2021,2,April,Spring,6,F,Persistent,20,21.81,0.161,V-134638,417.16,-8.71,17.8037887,0.593087995,106.0921324,1.93,-26.05,1.86,48.08,11,177,0.940416174,3,8,613,923.5,49.1475,259.1241667,353.7629167,5.7125,0.03,5.7375,297.2133333,153.4275,33.94833333,142.1958333,1.962083333,3.630416667,0.131791667,0.216458333,NA,0.128,0.0095,0.203083333,0.196875,0.181041667,0.142958333,NA,5.554166667,5.4875,5.745833333,5.729166667,5.404166667,5.083333333,5.566666667,NA,5.608333333,5.341666667,NA,NA,NA,6.691666667,-0.06375,-0.101666667
DC13EA,4/23/2021,3,April,Spring,1,A,Ephemeral,0,24.62,0.00376,V-134608,418.24,-8.71,18.38934035,0.61899736,99.59408997,4.23,-26.61,1.81,49.88,12,383,1.074049256,3,6,94,957.675,50.402375,285.2230833,371.3210417,9.061666667,0.15,9.335833333,295.8259167,159.3258333,37.20025,168.6220833,2.939958333,4.27425,0.118170833,0.200216667,NA,0.1206625,0.06473654,0.1888125,0.1864125,0.172929167,0.135304167,NA,8.07375,7.360416667,6.815,6.400416667,5.93,7.641666667,7.14375,NA,6.116666667,5.8,NA,NA,NA,8.852083333,0.051157609,0.056833333
DC13EB,4/23/2021,3,April,Spring,2,B,Ephemeral,0,37.59,0.00000431,V-134609,418.24,-8.71,18.18013743,0.609740594,102.0138087,2.37,-26.41,1.44,44.17,24,300,1.405280493,4,8,118,957.675,50.402375,285.2230833,371.3210417,9.061666667,0.15,9.335833333,295.8259167,159.3258333,37.20025,168.6220833,2.939958333,4.27425,0.118170833,0.200216667,NA,0.1206625,0.06473654,0.1888125,0.1864125,0.172929167,0.135304167,NA,8.07375,7.360416667,6.815,6.400416667,5.93,7.641666667,7.14375,NA,6.116666667,5.8,NA,NA,NA,8.852083333,0.051157609,0.056833333
DC13EC,4/23/2021,3,April,Spring,3,C,Ephemeral,0,23.06,0.0756,V-134610,418.24,-8.71,17.8037887,0.593087995,106.366798,1.34,-26.05,2.69,45.4,22,278,1.543468986,5,8,143,957.675,50.402375,285.2230833,371.3210417,9.061666667,0.15,9.335833333,295.8259167,159.3258333,37.20025,168.6220833,2.939958333,4.27425,0.118170833,0.200216667,NA,0.1206625,0.06473654,0.1888125,0.1864125,0.172929167,0.135304167,NA,8.07375,7.360416667,6.815,6.400416667,5.93,7.641666667,7.14375,NA,6.116666667,5.8,NA,NA,NA,8.852083333,0.051157609,0.056833333
DC13ED,4/23/2021,3,April,Spring,4,D,Ephemeral,0,24.59,0.00382,V-134611,418.24,-8.71,18.55676459,0.626405513,97.65759897,2.37,-26.77,1.94,47.15,18,229,1.274699536,4,9,47,957.675,50.402375,285.2230833,371.3210417,9.061666667,0.15,9.335833333,295.8259167,159.3258333,37.20025,168.6220833,2.939958333,4.27425,0.118170833,0.200216667,NA,0.1206625,0.06473654,0.1888125,0.1864125,0.172929167,0.135304167,NA,8.07375,7.360416667,6.815,6.400416667,5.93,7.641666667,7.14375,NA,6.116666667,5.8,NA,NA,NA,8.852083333,0.051157609,0.056833333
DC13EE,4/23/2021,3,April,Spring,5,E,Ephemeral,0,25.89,0.00176,V-134612,418.24,-8.71,18.82894642,0.638448957,94.50944271,1.51,-27.03,1.57,47.17,14,164,1.329001598,4,15,105,957.675,50.402375,285.2230833,371.3210417,9.061666667,0.15,9.335833333,295.8259167,159.3258333,37.20025,168.6220833,2.939958333,4.27425,0.118170833,0.200216667,NA,0.1206625,0.06473654,0.1888125,0.1864125,0.172929167,0.135304167,NA,8.07375,7.360416667,6.815,6.400416667,5.93,7.641666667,7.14375,NA,6.116666667,5.8,NA,NA,NA,8.852083333,0.051157609,0.056833333
DC13EF,4/23/2021,3,April,Spring,6,F,Ephemeral,0,25.25,0.00258,V-134613,417.16,-8.71,18.34749289,0.617145703,99.81968661,3.52,-26.57,1.85,48.87,20,267,1.180067093,3,11,177,957.675,50.402375,285.2230833,371.3210417,9.061666667,0.15,9.335833333,295.8259167,159.3258333,37.20025,168.6220833,2.939958333,4.27425,0.118170833,0.200216667,NA,0.1206625,0.06473654,0.1888125,0.1864125,0.172929167,0.135304167,NA,8.07375,7.360416667,6.815,6.400416667,5.93,7.641666667,7.14375,NA,6.116666667,5.8,NA,NA,NA,8.852083333,0.051157609,0.056833333
DC13PA,4/23/2021,3,April,Spring,1,A,Persistent,21,24.32,0.0324,V-134608,418.24,-8.71,18.38934035,0.61899736,99.59408997,4.23,-26.61,1.81,49.88,12,383,1.074049256,3,6,94,957.675,50.402375,285.2230833,371.3210417,9.061666667,0.15,9.335833333,295.8259167,159.3258333,37.20025,168.6220833,2.939958333,4.27425,0.118170833,0.200216667,NA,0.1206625,0.06473654,0.1888125,0.1864125,0.172929167,0.135304167,NA,8.07375,7.360416667,6.815,6.400416667,5.93,7.641666667,7.14375,NA,6.116666667,5.8,NA,NA,NA,8.852083333,0.051157609,0.056833333
DC13PB,4/23/2021,3,April,Spring,2,B,Persistent,21,20.4,0.452,V-134609,418.24,-8.71,18.18013743,0.609740594,102.0138087,2.37,-26.41,1.44,44.17,24,300,1.405280493,4,8,118,957.675,50.402375,285.2230833,371.3210417,9.061666667,0.15,9.335833333,295.8259167,159.3258333,37.20025,168.6220833,2.939958333,4.27425,0.118170833,0.200216667,NA,0.1206625,0.06473654,0.1888125,0.1864125,0.172929167,0.135304167,NA,8.07375,7.360416667,6.815,6.400416667,5.93,7.641666667,7.14375,NA,6.116666667,5.8,NA,NA,NA,8.852083333,0.051157609,0.056833333
DC13PC,4/23/2021,3,April,Spring,3,C,Persistent,21,21.55,0.209,V-134610,418.24,-8.71,17.8037887,0.593087995,106.366798,1.34,-26.05,2.69,45.4,22,278,1.543468986,5,8,143,957.675,50.402375,285.2230833,371.3210417,9.061666667,0.15,9.335833333,295.8259167,159.3258333,37.20025,168.6220833,2.939958333,4.27425,0.118170833,0.200216667,NA,0.1206625,0.06473654,0.1888125,0.1864125,0.172929167,0.135304167,NA,8.07375,7.360416667,6.815,6.400416667,5.93,7.641666667,7.14375,NA,6.116666667,5.8,NA,NA,NA,8.852083333,0.051157609,0.056833333
DC13PD,4/23/2021,3,April,Spring,4,D,Persistent,21,24.4,0.0307,V-134611,418.24,-8.71,18.55676459,0.626405513,97.65759897,2.37,-26.77,1.94,47.15,18,229,1.274699536,4,9,47,957.675,50.402375,285.2230833,371.3210417,9.061666667,0.15,9.335833333,295.8259167,159.3258333,37.20025,168.6220833,2.939958333,4.27425,0.118170833,0.200216667,NA,0.1206625,0.06473654,0.1888125,0.1864125,0.172929167,0.135304167,NA,8.07375,7.360416667,6.815,6.400416667,5.93,7.641666667,7.14375,NA,6.116666667,5.8,NA,NA,NA,8.852083333,0.051157609,0.056833333
DC13PE,4/23/2021,3,April,Spring,5,E,Persistent,21,27.7,0.00333,V-134612,418.24,-8.71,18.82894642,0.638448957,94.50944271,1.51,-27.03,1.57,47.17,14,164,1.329001598,4,15,105,957.675,50.402375,285.2230833,371.3210417,9.061666667,0.15,9.335833333,295.8259167,159.3258333,37.20025,168.6220833,2.939958333,4.27425,0.118170833,0.200216667,NA,0.1206625,0.06473654,0.1888125,0.1864125,0.172929167,0.135304167,NA,8.07375,7.360416667,6.815,6.400416667,5.93,7.641666667,7.14375,NA,6.116666667,5.8,NA,NA,NA,8.852083333,0.051157609,0.056833333
DC13PF,4/23/2021,3,April,Spring,6,F,Persistent,21,22.33,0.124,V-134613,418.24,-8.71,18.34749289,0.617145703,100.0781133,3.52,-26.57,1.85,48.87,20,267,1.180067093,3,11,177,957.675,50.402375,285.2230833,371.3210417,9.061666667,0.15,9.335833333,295.8259167,159.3258333,37.20025,168.6220833,2.939958333,4.27425,0.118170833,0.200216667,NA,0.1206625,0.06473654,0.1888125,0.1864125,0.172929167,0.135304167,NA,8.07375,7.360416667,6.815,6.400416667,5.93,7.641666667,7.14375,NA,6.116666667,5.8,NA,NA,NA,8.852083333,0.051157609,0.056833333
DC14EA,5/7/2021,4,May,Spring,1,A,Ephemeral,1,23.27,0.00842,V-134622,418.95,-8.79,19.44872982,0.665873001,87.48906647,2.87,-27.7,2,49.34,15,754,1.108420345,3,12,383,902.75,48.13666667,316.0345833,383.26375,11.375,0.06,11.87916667,278.4483333,163.08375,44.78,291.7208333,4.658333333,3.285833333,0.105791667,0.178291667,NA,0.114,0.144416667,0.170708333,0.171416667,0.15725,0.122,NA,13.54583333,12.8375,11.32916667,10.04583333,8.241666667,13.4,12.2,NA,9.1625,7.908333333,NA,NA,NA,13.55,0.067916667,0.124166667
DC14EB,5/7/2021,4,May,Spring,2,B,Ephemeral,1,33.08,0.0000894,V-134623,418.95,-8.79,18.71531346,0.63342095,95.9864332,2.24,-27,2.82,43.89,17,206,1.237755493,3,24,300,902.75,48.13666667,316.0345833,383.26375,11.375,0.06,11.87916667,278.4483333,163.08375,44.78,291.7208333,4.658333333,3.285833333,0.105791667,0.178291667,NA,0.114,0.144416667,0.170708333,0.171416667,0.15725,0.122,NA,13.54583333,12.8375,11.32916667,10.04583333,8.241666667,13.4,12.2,NA,9.1625,7.908333333,NA,NA,NA,13.55,0.067916667,0.124166667
DC14EC,5/7/2021,4,May,Spring,3,C,Ephemeral,1,22.46,0.113,NA,418.95,-8.79,#VALUE!,#VALUE!,#VALUE!,NA,NA,NA,NA,14,187,1.657841381,5,22,278,902.75,48.13666667,316.0345833,383.26375,11.375,0.06,11.87916667,278.4483333,163.08375,44.78,291.7208333,4.658333333,3.285833333,0.105791667,0.178291667,NA,0.114,0.144416667,0.170708333,0.171416667,0.15725,0.122,NA,13.54583333,12.8375,11.32916667,10.04583333,8.241666667,13.4,12.2,NA,9.1625,7.908333333,NA,NA,NA,13.55,0.067916667,0.124166667
DC14ED,5/7/2021,4,May,Spring,4,D,Ephemeral,1,25.49,0.00223,NA,418.95,-8.79,#VALUE!,#VALUE!,#VALUE!,NA,NA,NA,NA,13,60,1.733724298,6,18,229,902.75,48.13666667,316.0345833,383.26375,11.375,0.06,11.87916667,278.4483333,163.08375,44.78,291.7208333,4.658333333,3.285833333,0.105791667,0.178291667,NA,0.114,0.144416667,0.170708333,0.171416667,0.15725,0.122,NA,13.54583333,12.8375,11.32916667,10.04583333,8.241666667,13.4,12.2,NA,9.1625,7.908333333,NA,NA,NA,13.55,0.067916667,0.124166667
DC14EE,5/7/2021,4,May,Spring,5,E,Ephemeral,1,25.43,0.00231,V-134625,418.95,-8.79,19.87879287,0.684902339,82.5063531,2.13,-28.11,1.64,49.14,15,96,1.663216988,5,14,164,902.75,48.13666667,316.0345833,383.26375,11.375,0.06,11.87916667,278.4483333,163.08375,44.78,291.7208333,4.658333333,3.285833333,0.105791667,0.178291667,NA,0.114,0.144416667,0.170708333,0.171416667,0.15725,0.122,NA,13.54583333,12.8375,11.32916667,10.04583333,8.241666667,13.4,12.2,NA,9.1625,7.908333333,NA,NA,NA,13.55,0.067916667,0.124166667
DC14EF,5/7/2021,4,May,Spring,6,F,Ephemeral,1,24.57,0.00387,V-134626,418.95,-8.79,19.7528832,0.679331115,83.96514334,3.74,-27.99,1.81,48.29,16,169,1.207731614,3,20,267,902.75,48.13666667,316.0345833,383.26375,11.375,0.06,11.87916667,278.4483333,163.08375,44.78,291.7208333,4.658333333,3.285833333,0.105791667,0.178291667,NA,0.114,0.144416667,0.170708333,0.171416667,0.15725,0.122,NA,13.54583333,12.8375,11.32916667,10.04583333,8.241666667,13.4,12.2,NA,9.1625,7.908333333,NA,NA,NA,13.55,0.067916667,0.124166667
DC15EA,5/22/2021,5,May,Spring,1,A,Ephemeral,2,27.64,0.00347,V-134627,418.95,-8.79,20.48779483,0.711849329,75.45045228,3.71,-28.69,1.83,48.93,20,85,2.14565331,9,15,754,831.469,45.21595833,321.0705417,388.6800833,12.7575,4.42,13.61,262.075375,149.2504583,50.583125,186.8933333,2.72525,5.966541667,0.063679167,0.11835,NA,0.108154167,NA,0.1295,0.1361,0.129195833,0.103858333,NA,14.325,13.60916667,12.54541667,11.52291667,9.572083333,13.93458333,13.07708333,NA,10.62666667,9.1,NA,NA,NA,14.90541667,0.07146558,0.1135
DC15EB,5/22/2021,5,May,Spring,2,B,Ephemeral,2,26.44,0.00778,V-134628,418.95,-8.79,20.09920962,0.694655293,79.95260319,3.16,-28.32,1.65,44.72,14,84,1.593572456,5,17,206,831.469,45.21595833,321.0705417,388.6800833,12.7575,4.42,13.61,262.075375,149.2504583,50.583125,186.8933333,2.72525,5.966541667,0.063679167,0.11835,NA,0.108154167,NA,0.1295,0.1361,0.129195833,0.103858333,NA,14.325,13.60916667,12.54541667,11.52291667,9.572083333,13.93458333,13.07708333,NA,10.62666667,9.1,NA,NA,NA,14.90541667,0.07146558,0.1135
DC15EC,5/22/2021,5,May,Spring,3,C,Ephemeral,2,26.03,0.0103,V-134629,418.95,-8.79,19.71092022,0.677474346,84.45132671,3.12,-27.95,2.29,44.71,10,84,1.401693014,4,14,187,831.469,45.21595833,321.0705417,388.6800833,12.7575,4.42,13.61,262.075375,149.2504583,50.583125,186.8933333,2.72525,5.966541667,0.063679167,0.11835,NA,0.108154167,NA,0.1295,0.1361,0.129195833,0.103858333,NA,14.325,13.60916667,12.54541667,11.52291667,9.572083333,13.93458333,13.07708333,NA,10.62666667,9.1,NA,NA,NA,14.90541667,0.07146558,0.1135
DC15ED,5/22/2021,5,May,Spring,4,D,Ephemeral,2,23.93,0.0421,V-134632,418.95,-8.79,19.7528832,0.679331115,83.96514334,2.4,-27.99,1.59,46.75,15,137,1.624186912,5,13,60,831.469,45.21595833,321.0705417,388.6800833,12.7575,4.42,13.61,262.075375,149.2504583,50.583125,186.8933333,2.72525,5.966541667,0.063679167,0.11835,NA,0.108154167,NA,0.1295,0.1361,0.129195833,0.103858333,NA,14.325,13.60916667,12.54541667,11.52291667,9.572083333,13.93458333,13.07708333,NA,10.62666667,9.1,NA,NA,NA,14.90541667,0.07146558,0.1135
DC15EE,5/22/2021,5,May,Spring,5,E,Ephemeral,2,20.25,0.5,V-134633,418.95,-8.79,19.94175936,0.687688467,81.77682289,1.04,-28.17,1.66,48.14,12,88,1.656150704,5,15,96,831.469,45.21595833,321.0705417,388.6800833,12.7575,4.42,13.61,262.075375,149.2504583,50.583125,186.8933333,2.72525,5.966541667,0.063679167,0.11835,NA,0.108154167,NA,0.1295,0.1361,0.129195833,0.103858333,NA,14.325,13.60916667,12.54541667,11.52291667,9.572083333,13.93458333,13.07708333,NA,10.62666667,9.1,NA,NA,NA,14.90541667,0.07146558,0.1135
DC15EF,5/22/2021,5,May,Spring,6,F,Ephemeral,2,26.4,0.00799,V-134634,418.95,-8.79,21.1185627,0.739759412,68.14237158,2.43,-29.29,1.74,48.22,17,95,2.201929978,9,16,169,831.469,45.21595833,321.0705417,388.6800833,12.7575,4.42,13.61,262.075375,149.2504583,50.583125,186.8933333,2.72525,5.966541667,0.063679167,0.11835,NA,0.108154167,NA,0.1295,0.1361,0.129195833,0.103858333,NA,14.325,13.60916667,12.54541667,11.52291667,9.572083333,13.93458333,13.07708333,NA,10.62666667,9.1,NA,NA,NA,14.90541667,0.07146558,0.1135
DC16EA,6/3/2021,6,June,Summer,1,A,Ephemeral,3,23.93,0.00567,V-134766,418.7,-8.7,20.27583368,0.702470517,77.85974667,2.68,-28.4,1.86,49.68,17,72,2.302943899,10,20,85,971.75,52.3875,365.1816667,450.9175,24.7875,0.66,27.44166667,327.80875,189.6875,29.61791667,152.475,2.194166667,7.924166667,0.048791667,0.078333333,NA,0.087375,NA,0.098875,0.088875,0.089708333,0.071291667,NA,20.9125,18.77083333,15.96666667,13.95833333,11.15,19.91666667,17.41666667,NA,12.45416667,10.44166667,NA,NA,NA,22.1,0.301666667,0.310416667
DC16EB,6/3/2021,6,June,Summer,2,B,Ephemeral,3,32.05,0.000179,V-134769,418.7,-8.7,20.24433169,0.701076623,78.2245111,2.54,-28.37,1.62,44.98,17,84,2.242309597,9,14,84,971.75,52.3875,365.1816667,450.9175,24.7875,0.66,27.44166667,327.80875,189.6875,29.61791667,152.475,2.194166667,7.924166667,0.048791667,0.078333333,NA,0.087375,NA,0.098875,0.088875,0.089708333,0.071291667,NA,20.9125,18.77083333,15.96666667,13.95833333,11.15,19.91666667,17.41666667,NA,12.45416667,10.44166667,NA,NA,NA,22.1,0.301666667,0.310416667
DC16EC,6/3/2021,6,June,Summer,3,C,Ephemeral,3,23.9,0.043,V-134770,418.7,-8.7,19.80350805,0.681571153,83.32884899,4.14,-27.95,2.29,45.39,18,43,2.418026001,11,10,84,971.75,52.3875,365.1816667,450.9175,24.7875,0.66,27.44166667,327.80875,189.6875,29.61791667,152.475,2.194166667,7.924166667,0.048791667,0.078333333,NA,0.087375,NA,0.098875,0.088875,0.089708333,0.071291667,NA,20.9125,18.77083333,15.96666667,13.95833333,11.15,19.91666667,17.41666667,NA,12.45416667,10.44166667,NA,NA,NA,22.1,0.301666667,0.310416667
DC16ED,6/3/2021,6,June,Summer,4,D,Ephemeral,3,22.27,0.0153,V-134771,418.7,-8.7,21.51645679,0.757365345,63.49445634,2.44,-29.58,1.51,46.54,7,26,1.61418101,5,15,137,971.75,52.3875,365.1816667,450.9175,24.7875,0.66,27.44166667,327.80875,189.6875,29.61791667,152.475,2.194166667,7.924166667,0.048791667,0.078333333,NA,0.087375,NA,0.098875,0.088875,0.089708333,0.071291667,NA,20.9125,18.77083333,15.96666667,13.95833333,11.15,19.91666667,17.41666667,NA,12.45416667,10.44166667,NA,NA,NA,22.1,0.301666667,0.310416667
DC16EE,6/3/2021,6,June,Summer,5,E,Ephemeral,3,22.11,0.0169,V-134772,418.7,-8.7,21.12712327,0.740138198,68.00258536,2.76,-29.21,1.37,47.14,12,33,2.127830493,8,12,88,971.75,52.3875,365.1816667,450.9175,24.7875,0.66,27.44166667,327.80875,189.6875,29.61791667,152.475,2.194166667,7.924166667,0.048791667,0.078333333,NA,0.087375,NA,0.098875,0.088875,0.089708333,0.071291667,NA,20.9125,18.77083333,15.96666667,13.95833333,11.15,19.91666667,17.41666667,NA,12.45416667,10.44166667,NA,NA,NA,22.1,0.301666667,0.310416667
DC16EF,6/3/2021,6,June,Summer,6,F,Ephemeral,3,20.21,0.0525,V-134773,418.7,-8.7,20.48589664,0.711765338,75.42740805,2.5,-28.6,2.01,48.31,12,22,2.323396823,10,17,95,971.75,52.3875,365.1816667,450.9175,24.7875,0.66,27.44166667,327.80875,189.6875,29.61791667,152.475,2.194166667,7.924166667,0.048791667,0.078333333,NA,0.087375,NA,0.098875,0.088875,0.089708333,0.071291667,NA,20.9125,18.77083333,15.96666667,13.95833333,11.15,19.91666667,17.41666667,NA,12.45416667,10.44166667,NA,NA,NA,22.1,0.301666667,0.310416667
DC17EA,6/18/2021,7,June,Summer,1,A,Ephemeral,4,19.58,0.785,V-134774,418.7,-8.7,20.83268971,0.727110164,71.41185888,2.92,-28.93,2.06,49.56,11,83,1.569160901,5,17,72,986.327,58.06429167,336.748,424.7795,18.97,0.78,20.42625,347.4211667,201.325375,40.63295833,177.7654167,2.896125,14.90254167,0.105225,0.094579167,NA,0.058525,NA,0.160029167,0.102004167,0.071325,0.045829167,NA,19.87708333,18.77583333,16.98,15.38916667,12.6825,18.55666667,17.29666667,NA,13.82125,11.85375,NA,NA,NA,20.3775,0.123875,0.211333333
DC17EB,6/18/2021,7,June,Summer,2,B,Ephemeral,4,24.81,0.0233,V-134775,418.7,-8.7,20.06585717,0.693179521,80.29108413,1.82,-28.2,1.53,44.1,16,78,1.730639287,6,17,84,986.327,58.06429167,336.748,424.7795,18.97,0.78,20.42625,347.4211667,201.325375,40.63295833,177.7654167,2.896125,14.90254167,0.105225,0.094579167,NA,0.058525,NA,0.160029167,0.102004167,0.071325,0.045829167,NA,19.87708333,18.77583333,16.98,15.38916667,12.6825,18.55666667,17.29666667,NA,13.82125,11.85375,NA,NA,NA,20.3775,0.123875,0.211333333
DC17EC,6/18/2021,7,June,Summer,3,C,Ephemeral,4,26.52,0.00737,V-134776,418.7,-8.7,20.81166524,0.726179878,71.65530318,2.12,-28.91,1.89,44.85,9,44,1.491263487,4,18,43,986.327,58.06429167,336.748,424.7795,18.97,0.78,20.42625,347.4211667,201.325375,40.63295833,177.7654167,2.896125,14.90254167,0.105225,0.094579167,NA,0.058525,NA,0.160029167,0.102004167,0.071325,0.045829167,NA,19.87708333,18.77583333,16.98,15.38916667,12.6825,18.55666667,17.29666667,NA,13.82125,11.85375,NA,NA,NA,20.3775,0.123875,0.211333333
DC17ED,6/18/2021,7,June,Summer,4,D,Ephemeral,4,25.39,0.0158,V-134777,418.7,-8.7,20.51741355,0.713159892,75.06247087,3.33,-28.63,1.63,44.32,14,51,1.810547901,6,7,26,986.327,58.06429167,336.748,424.7795,18.97,0.78,20.42625,347.4211667,201.325375,40.63295833,177.7654167,2.896125,14.90254167,0.105225,0.094579167,NA,0.058525,NA,0.160029167,0.102004167,0.071325,0.045829167,NA,19.87708333,18.77583333,16.98,15.38916667,12.6825,18.55666667,17.29666667,NA,13.82125,11.85375,NA,NA,NA,20.3775,0.123875,0.211333333
DC17EE,6/18/2021,7,June,Summer,5,E,Ephemeral,4,22.94,0.0819,V-134778,418.7,-8.7,21.16919907,0.741999959,67.51538574,1.7,-29.25,1.6,47.44,10,74,1.104170953,3,12,33,986.327,58.06429167,336.748,424.7795,18.97,0.78,20.42625,347.4211667,201.325375,40.63295833,177.7654167,2.896125,14.90254167,0.105225,0.094579167,NA,0.058525,NA,0.160029167,0.102004167,0.071325,0.045829167,NA,19.87708333,18.77583333,16.98,15.38916667,12.6825,18.55666667,17.29666667,NA,13.82125,11.85375,NA,NA,NA,20.3775,0.123875,0.211333333
DC17EF,6/18/2021,7,June,Summer,6,F,Ephemeral,4,24.99,0.0206,V-134781,418.7,-8.7,20.86422804,0.728505666,71.04667361,2.63,-28.96,2.03,48.79,15,66,1.765644296,6,12,22,986.327,58.06429167,336.748,424.7795,18.97,0.78,20.42625,347.4211667,201.325375,40.63295833,177.7654167,2.896125,14.90254167,0.105225,0.094579167,NA,0.058525,NA,0.160029167,0.102004167,0.071325,0.045829167,NA,19.87708333,18.77583333,16.98,15.38916667,12.6825,18.55666667,17.29666667,NA,13.82125,11.85375,NA,NA,NA,20.3775,0.123875,0.211333333
DC18EA,7/2/2021,8,July,Summer,1,A,Ephemeral,5,22.87,0.0107,V-134782,416.65,-8.62,21.53573489,0.758218358,62.96145067,2.64,-29.52,1.84,48.81,18,157,2.0605599,8,11,83,965.25,63.01083333,366.5941667,474.18,26.15416667,5.3,28.90833333,356.22375,185.6291667,28.12166667,173.9708333,2.349583333,14.4575,0.038958333,0.061083333,NA,0.00325,NA,0.051444444,0.059375,0.054416667,0.01,NA,26.88333333,24.6,22.11666667,19.8875,15.73333333,25.75833333,23.3875,NA,17.9,14.64166667,NA,NA,NA,28.05833333,0.197083333,0.375416667
DC18EB,7/2/2021,8,July,Summer,2,B,Ephemeral,5,28.02,0.00269,V-134783,416.65,-8.62,20.6523082,0.719128681,73.14064681,1.48,-28.68,1.57,45.4,14,118,1.911288242,7,16,78,965.25,63.01083333,366.5941667,474.18,26.15416667,5.3,28.90833333,356.22375,185.6291667,28.12166667,173.9708333,2.349583333,14.4575,0.038958333,0.061083333,NA,0.00325,NA,0.051444444,0.059375,0.054416667,0.01,NA,26.88333333,24.6,22.11666667,19.8875,15.73333333,25.75833333,23.3875,NA,17.9,14.64166667,NA,NA,NA,28.05833333,0.197083333,0.375416667
DC18EC,7/2/2021,8,July,Summer,3,C,Ephemeral,5,24.18,0.0356,V-134784,416.65,-8.62,20.8940469,0.729825084,70.35523675,2.59,-28.91,1.98,46.04,9,83,1.453469531,4,9,44,965.25,63.01083333,366.5941667,474.18,26.15416667,5.3,28.90833333,356.22375,185.6291667,28.12166667,173.9708333,2.349583333,14.4575,0.038958333,0.061083333,NA,0.00325,NA,0.051444444,0.059375,0.054416667,0.01,NA,26.88333333,24.6,22.11666667,19.8875,15.73333333,25.75833333,23.3875,NA,17.9,14.64166667,NA,NA,NA,28.05833333,0.197083333,0.375416667
DC18ED,7/2/2021,8,July,Summer,4,D,Ephemeral,5,22.66,0.0121,V-134785,416.65,-8.62,22.04123711,0.780585713,57.13685168,1.81,-30,1.5,45.84,16,148,1.340737486,4,14,51,965.25,63.01083333,366.5941667,474.18,26.15416667,5.3,28.90833333,356.22375,185.6291667,28.12166667,173.9708333,2.349583333,14.4575,0.038958333,0.061083333,NA,0.00325,NA,0.051444444,0.059375,0.054416667,0.01,NA,26.88333333,24.6,22.11666667,19.8875,15.73333333,25.75833333,23.3875,NA,17.9,14.64166667,NA,NA,NA,28.05833333,0.197083333,0.375416667
DC18EE,7/2/2021,8,July,Summer,5,E,Ephemeral,5,22.64,0.0123,V-134786,416.65,-8.62,21.32525652,0.748905156,65.38666677,1.27,-29.32,1.66,48.75,19,111,2.131591455,8,10,74,965.25,63.01083333,366.5941667,474.18,26.15416667,5.3,28.90833333,356.22375,185.6291667,28.12166667,173.9708333,2.349583333,14.4575,0.038958333,0.061083333,NA,0.00325,NA,0.051444444,0.059375,0.054416667,0.01,NA,26.88333333,24.6,22.11666667,19.8875,15.73333333,25.75833333,23.3875,NA,17.9,14.64166667,NA,NA,NA,28.05833333,0.197083333,0.375416667
DC18EF,7/2/2021,8,July,Summer,6,F,Ephemeral,5,20.42,0.0463,V-134787,416.65,-8.62,21.40943746,0.752629976,64.41670027,1.21,-29.4,1.85,49.37,11,80,1.739647397,6,15,66,965.25,63.01083333,366.5941667,474.18,26.15416667,5.3,28.90833333,356.22375,185.6291667,28.12166667,173.9708333,2.349583333,14.4575,0.038958333,0.061083333,NA,0.00325,NA,0.051444444,0.059375,0.054416667,0.01,NA,26.88333333,24.6,22.11666667,19.8875,15.73333333,25.75833333,23.3875,NA,17.9,14.64166667,NA,NA,NA,28.05833333,0.197083333,0.375416667
DC18PA,7/2/2021,8,July,Summer,1,A,Persistent,0,22.79,0.0906,V-134782,416.65,-8.62,21.53573489,0.758218358,62.96145067,2.64,-29.52,1.84,48.81,18,157,2.0605599,8,11,83,965.25,63.01083333,366.5941667,474.18,26.15416667,5.3,28.90833333,356.22375,185.6291667,28.12166667,173.9708333,2.349583333,14.4575,0.038958333,0.061083333,NA,0.00325,NA,0.051444444,0.059375,0.054416667,0.01,NA,26.88333333,24.6,22.11666667,19.8875,15.73333333,25.75833333,23.3875,NA,17.9,14.64166667,NA,NA,NA,28.05833333,0.197083333,0.375416667
DC18PB,7/2/2021,8,July,Summer,2,B,Persistent,0,25.49,0.0147,V-134783,416.65,-8.62,20.6523082,0.719128681,73.14064681,1.48,-28.68,1.57,45.4,14,118,1.911288242,7,16,78,965.25,63.01083333,366.5941667,474.18,26.15416667,5.3,28.90833333,356.22375,185.6291667,28.12166667,173.9708333,2.349583333,14.4575,0.038958333,0.061083333,NA,0.00325,NA,0.051444444,0.059375,0.054416667,0.01,NA,26.88333333,24.6,22.11666667,19.8875,15.73333333,25.75833333,23.3875,NA,17.9,14.64166667,NA,NA,NA,28.05833333,0.197083333,0.375416667
DC18PC,7/2/2021,8,July,Summer,3,C,Persistent,0,24.6,0.0268,V-134784,416.65,-8.62,20.8940469,0.729825084,70.35523675,2.59,-28.91,1.98,46.04,9,83,1.453469531,4,9,44,965.25,63.01083333,366.5941667,474.18,26.15416667,5.3,28.90833333,356.22375,185.6291667,28.12166667,173.9708333,2.349583333,14.4575,0.038958333,0.061083333,NA,0.00325,NA,0.051444444,0.059375,0.054416667,0.01,NA,26.88333333,24.6,22.11666667,19.8875,15.73333333,25.75833333,23.3875,NA,17.9,14.64166667,NA,NA,NA,28.05833333,0.197083333,0.375416667
DC18PD,7/2/2021,8,July,Summer,4,D,Persistent,0,24.64,0.0261,V-134785,416.65,-8.62,22.04123711,0.780585713,57.13685168,1.81,-30,1.5,45.84,16,148,1.340737486,4,14,51,965.25,63.01083333,366.5941667,474.18,26.15416667,5.3,28.90833333,356.22375,185.6291667,28.12166667,173.9708333,2.349583333,14.4575,0.038958333,0.061083333,NA,0.00325,NA,0.051444444,0.059375,0.054416667,0.01,NA,26.88333333,24.6,22.11666667,19.8875,15.73333333,25.75833333,23.3875,NA,17.9,14.64166667,NA,NA,NA,28.05833333,0.197083333,0.375416667
DC18PE,7/2/2021,8,July,Summer,5,E,Persistent,0,21.78,0.179,V-134786,416.65,-8.62,21.32525652,0.748905156,65.38666677,1.27,-29.32,1.66,48.75,19,111,2.131591455,8,10,74,965.25,63.01083333,366.5941667,474.18,26.15416667,5.3,28.90833333,356.22375,185.6291667,28.12166667,173.9708333,2.349583333,14.4575,0.038958333,0.061083333,NA,0.00325,NA,0.051444444,0.059375,0.054416667,0.01,NA,26.88333333,24.6,22.11666667,19.8875,15.73333333,25.75833333,23.3875,NA,17.9,14.64166667,NA,NA,NA,28.05833333,0.197083333,0.375416667
DC18PF,7/2/2021,8,July,Summer,6,F,Persistent,0,27.53,0.00374,V-134787,416.65,-8.62,21.40943746,0.752629976,64.41670027,1.21,-29.4,1.85,49.37,11,80,1.739647397,6,15,66,965.25,63.01083333,366.5941667,474.18,26.15416667,5.3,28.90833333,356.22375,185.6291667,28.12166667,173.9708333,2.349583333,14.4575,0.038958333,0.061083333,NA,0.00325,NA,0.051444444,0.059375,0.054416667,0.01,NA,26.88333333,24.6,22.11666667,19.8875,15.73333333,25.75833333,23.3875,NA,17.9,14.64166667,NA,NA,NA,28.05833333,0.197083333,0.375416667
DC19EA,7/16/2021,9,July,Summer,1,A,Ephemeral,6,23.44,0.00761,V-134796,416.65,-8.62,20.01172924,0.69078448,80.5216541,1.83,-28.07,2.17,49.07,23,299,2.200262395,9,18,157,937.8,57.82120833,361.5721667,465.7370833,24.905,0.74,27.67916667,309.8494583,147.8625,24.55516667,166.0245833,2.540375,15.39020833,0.022345833,0.056158333,NA,NA,NA,0.038399573,0.054829167,0.050045833,NA,NA,27.35958333,24.96125,22.78666667,20.75083333,16.79458333,26.31875,23.93583333,NA,19.06375,15.95,NA,NA,NA,27.96583333,0.190666667,0.3135
DC19EB,7/16/2021,9,July,Summer,2,B,Ephemeral,6,31.43,0.000271,V-134797,416.65,-8.62,21.10434756,0.739130423,67.93206831,1.59,-29.11,2.24,44.15,23,304,1.796008657,6,14,118,937.8,57.82120833,361.5721667,465.7370833,24.905,0.74,27.67916667,309.8494583,147.8625,24.55516667,166.0245833,2.540375,15.39020833,0.022345833,0.056158333,NA,NA,NA,0.038399573,0.054829167,0.050045833,NA,NA,27.35958333,24.96125,22.78666667,20.75083333,16.79458333,26.31875,23.93583333,NA,19.06375,15.95,NA,NA,NA,27.96583333,0.190666667,0.3135
DC19EC,7/16/2021,9,July,Summer,3,C,Ephemeral,6,25.52,0.0145,V-134798,416.65,-8.62,20.43169022,0.709366824,75.68269551,2.42,-28.47,2.22,45.9,21,274,1.854435183,6,9,83,937.8,57.82120833,361.5721667,465.7370833,24.905,0.74,27.67916667,309.8494583,147.8625,24.55516667,166.0245833,2.540375,15.39020833,0.022345833,0.056158333,NA,NA,NA,0.038399573,0.054829167,0.050045833,NA,NA,27.35958333,24.96125,22.78666667,20.75083333,16.79458333,26.31875,23.93583333,NA,19.06375,15.95,NA,NA,NA,27.96583333,0.190666667,0.3135
DC19ED,7/16/2021,9,July,Summer,4,D,Ephemeral,6,21.61,0.0227,V-134931,416.65,-8.62,21.57784098,0.760081459,62.4762875,3.75,-29.56,1.62,45.79,18,84,1.654819212,5,16,148,937.8,57.82120833,361.5721667,465.7370833,24.905,0.74,27.67916667,309.8494583,147.8625,24.55516667,166.0245833,2.540375,15.39020833,0.022345833,0.056158333,NA,NA,NA,0.038399573,0.054829167,0.050045833,NA,NA,27.35958333,24.96125,22.78666667,20.75083333,16.79458333,26.31875,23.93583333,NA,19.06375,15.95,NA,NA,NA,27.96583333,0.190666667,0.3135
DC19EE,7/16/2021,9,July,Summer,5,E,Ephemeral,6,23.34,0.00807,V-134932,416.65,-8.62,21.47258227,0.755423994,63.68912045,1.35,-29.46,1.84,48.13,18,173,2.0709018,8,19,111,937.8,57.82120833,361.5721667,465.7370833,24.905,0.74,27.67916667,309.8494583,147.8625,24.55516667,166.0245833,2.540375,15.39020833,0.022345833,0.056158333,NA,NA,NA,0.038399573,0.054829167,0.050045833,NA,NA,27.35958333,24.96125,22.78666667,20.75083333,16.79458333,26.31875,23.93583333,NA,19.06375,15.95,NA,NA,NA,27.96583333,0.190666667,0.3135
DC19EF,7/16/2021,9,July,Summer,6,F,Ephemeral,6,19.23,0.0943,V-134937,416.65,-8.62,20.96764227,0.733081517,69.50724134,1.56,-28.98,1.79,48.53,17,147,1.669796148,5,11,80,937.8,57.82120833,361.5721667,465.7370833,24.905,0.74,27.67916667,309.8494583,147.8625,24.55516667,166.0245833,2.540375,15.39020833,0.022345833,0.056158333,NA,NA,NA,0.038399573,0.054829167,0.050045833,NA,NA,27.35958333,24.96125,22.78666667,20.75083333,16.79458333,26.31875,23.93583333,NA,19.06375,15.95,NA,NA,NA,27.96583333,0.190666667,0.3135
DC19PA,7/16/2021,9,July,Summer,1,A,Persistent,1,25.01,0.0204,V-134796,416.65,-8.62,20.01172924,0.69078448,80.5216541,1.83,-28.07,2.17,49.07,23,299,2.200262395,9,18,157,937.8,57.82120833,361.5721667,465.7370833,24.905,0.74,27.67916667,309.8494583,147.8625,24.55516667,166.0245833,2.540375,15.39020833,0.022345833,0.056158333,NA,NA,NA,0.038399573,0.054829167,0.050045833,NA,NA,27.35958333,24.96125,22.78666667,20.75083333,16.79458333,26.31875,23.93583333,NA,19.06375,15.95,NA,NA,NA,27.96583333,0.190666667,0.3135
DC19PB,7/16/2021,9,July,Summer,2,B,Persistent,1,25.16,0.0184,V-134797,416.65,-8.62,21.10434756,0.739130423,67.93206831,1.59,-29.11,2.24,44.15,23,304,1.796008657,6,14,118,937.8,57.82120833,361.5721667,465.7370833,24.905,0.74,27.67916667,309.8494583,147.8625,24.55516667,166.0245833,2.540375,15.39020833,0.022345833,0.056158333,NA,NA,NA,0.038399573,0.054829167,0.050045833,NA,NA,27.35958333,24.96125,22.78666667,20.75083333,16.79458333,26.31875,23.93583333,NA,19.06375,15.95,NA,NA,NA,27.96583333,0.190666667,0.3135
DC19PC,7/16/2021,9,July,Summer,3,C,Persistent,1,25.31,0.0166,V-134798,416.65,-8.62,20.43169022,0.709366824,75.68269551,2.42,-28.47,2.22,45.9,21,274,1.854435183,6,9,83,937.8,57.82120833,361.5721667,465.7370833,24.905,0.74,27.67916667,309.8494583,147.8625,24.55516667,166.0245833,2.540375,15.39020833,0.022345833,0.056158333,NA,NA,NA,0.038399573,0.054829167,0.050045833,NA,NA,27.35958333,24.96125,22.78666667,20.75083333,16.79458333,26.31875,23.93583333,NA,19.06375,15.95,NA,NA,NA,27.96583333,0.190666667,0.3135
DC19PD,7/16/2021,9,July,Summer,4,D,Persistent,1,25.89,0.0113,V-134931,416.65,-8.62,21.57784098,0.760081459,62.4762875,3.75,-29.56,1.62,45.79,18,84,1.654819212,5,16,148,937.8,57.82120833,361.5721667,465.7370833,24.905,0.74,27.67916667,309.8494583,147.8625,24.55516667,166.0245833,2.540375,15.39020833,0.022345833,0.056158333,NA,NA,NA,0.038399573,0.054829167,0.050045833,NA,NA,27.35958333,24.96125,22.78666667,20.75083333,16.79458333,26.31875,23.93583333,NA,19.06375,15.95,NA,NA,NA,27.96583333,0.190666667,0.3135
DC19PE,7/16/2021,9,July,Summer,5,E,Persistent,1,26.88,0.00579,V-134932,416.65,-8.62,21.47258227,0.755423994,63.68912045,1.35,-29.46,1.84,48.13,18,173,2.0709018,8,19,111,937.8,57.82120833,361.5721667,465.7370833,24.905,0.74,27.67916667,309.8494583,147.8625,24.55516667,166.0245833,2.540375,15.39020833,0.022345833,0.056158333,NA,NA,NA,0.038399573,0.054829167,0.050045833,NA,NA,27.35958333,24.96125,22.78666667,20.75083333,16.79458333,26.31875,23.93583333,NA,19.06375,15.95,NA,NA,NA,27.96583333,0.190666667,0.3135
DC19PF,7/16/2021,9,July,Summer,6,F,Persistent,1,27.67,0.0034,V-134937,416.65,-8.62,20.96764227,0.733081517,69.50724134,1.56,-28.98,1.79,48.53,17,147,1.669796148,5,11,80,937.8,57.82120833,361.5721667,465.7370833,24.905,0.74,27.67916667,309.8494583,147.8625,24.55516667,166.0245833,2.540375,15.39020833,0.022345833,0.056158333,NA,NA,NA,0.038399573,0.054829167,0.050045833,NA,NA,27.35958333,24.96125,22.78666667,20.75083333,16.79458333,26.31875,23.93583333,NA,19.06375,15.95,NA,NA,NA,27.96583333,0.190666667,0.3135
DC20EA,7/30/2021,10,July,Summer,1,A,Ephemeral,7,25.64,0.00204,V-134944,416.65,-8.62,21.25160958,0.745646442,66.23525632,1.82,-29.25,1.79,49.98,16,80,2.413442123,11,23,299,876.667,55.02741667,362.0079583,459.0127917,23.96,3.24,26.59666667,286.503375,134.4713333,29.04445833,172.1629167,2.412916667,14.08791667,0.010983333,0.048216667,NA,NA,NA,0.030451354,0.04655,0.045333333,NA,0.93489586,27.12166667,24.82375,22.89208333,21.2725,17.92666667,26.16041667,23.87,NA,19.96666667,17.28166667,NA,NA,NA,27.45,0.1595,0.250458333
DC20EB,7/30/2021,10,July,Summer,2,B,Ephemeral,7,32.95,0.0000976,V-134947,416.65,-8.62,20.82046213,0.726569121,71.20310991,1.59,-28.84,2.09,44.72,20,149,2.315082793,10,23,304,876.667,55.02741667,362.0079583,459.0127917,23.96,3.24,26.59666667,286.503375,134.4713333,29.04445833,172.1629167,2.412916667,14.08791667,0.010983333,0.048216667,NA,NA,NA,0.030451354,0.04655,0.045333333,NA,0.93489586,27.12166667,24.82375,22.89208333,21.2725,17.92666667,26.16041667,23.87,NA,19.96666667,17.28166667,NA,NA,NA,27.45,0.1595,0.250458333
DC20EC,7/30/2021,10,July,Summer,3,C,Ephemeral,7,26.26,0.00878,V-134948,416.65,-8.62,20.96764227,0.733081517,69.50724134,1.8,-28.98,2.15,46.12,15,92,1.943533178,7,21,274,876.667,55.02741667,362.0079583,459.0127917,23.96,3.24,26.59666667,286.503375,134.4713333,29.04445833,172.1629167,2.412916667,14.08791667,0.010983333,0.048216667,NA,NA,NA,0.030451354,0.04655,0.045333333,NA,0.93489586,27.12166667,24.82375,22.89208333,21.2725,17.92666667,26.16041667,23.87,NA,19.96666667,17.28166667,NA,NA,NA,27.45,0.1595,0.250458333
DC20ED,7/30/2021,10,July,Summer,4,D,Ephemeral,7,20.42,0.0463,V-134950,416.65,-8.62,21.14641809,0.740991951,67.44731482,3.07,-29.15,1.97,47.87,14,162,1.835502821,6,18,84,876.667,55.02741667,362.0079583,459.0127917,23.96,3.24,26.59666667,286.503375,134.4713333,29.04445833,172.1629167,2.412916667,14.08791667,0.010983333,0.048216667,NA,NA,NA,0.030451354,0.04655,0.045333333,NA,0.93489586,27.12166667,24.82375,22.89208333,21.2725,17.92666667,26.16041667,23.87,NA,19.96666667,17.28166667,NA,NA,NA,27.45,0.1595,0.250458333
DC20EE,7/30/2021,10,July,Summer,5,E,Ephemeral,7,19.56,0.0774,V-134951,416.65,-8.62,21.80948651,0.770331261,59.80717495,1.21,-29.78,1.61,47.55,16,136,1.934056138,7,18,173,876.667,55.02741667,362.0079583,459.0127917,23.96,3.24,26.59666667,286.503375,134.4713333,29.04445833,172.1629167,2.412916667,14.08791667,0.010983333,0.048216667,NA,NA,NA,0.030451354,0.04655,0.045333333,NA,0.93489586,27.12166667,24.82375,22.89208333,21.2725,17.92666667,26.16041667,23.87,NA,19.96666667,17.28166667,NA,NA,NA,27.45,0.1595,0.250458333
DC20EF,7/30/2021,10,July,Summer,6,F,Ephemeral,7,20.55,0.0428,V-134952,416.65,-8.62,20.88353414,0.729359918,70.47636897,1.24,-28.9,1.85,48.43,11,123,1.808573356,6,17,147,876.667,55.02741667,362.0079583,459.0127917,23.96,3.24,26.59666667,286.503375,134.4713333,29.04445833,172.1629167,2.412916667,14.08791667,0.010983333,0.048216667,NA,NA,NA,0.030451354,0.04655,0.045333333,NA,0.93489586,27.12166667,24.82375,22.89208333,21.2725,17.92666667,26.16041667,23.87,NA,19.96666667,17.28166667,NA,NA,NA,27.45,0.1595,0.250458333
DC20PA,7/30/2021,10,July,Summer,1,A,Persistent,2,25.38,0.0159,V-134944,416.65,-8.62,21.25160958,0.745646442,66.23525632,1.82,-29.25,1.79,49.98,16,80,2.413442123,11,23,299,876.667,55.02741667,362.0079583,459.0127917,23.96,3.24,26.59666667,286.503375,134.4713333,29.04445833,172.1629167,2.412916667,14.08791667,0.010983333,0.048216667,NA,NA,NA,0.030451354,0.04655,0.045333333,NA,0.93489586,27.12166667,24.82375,22.89208333,21.2725,17.92666667,26.16041667,23.87,NA,19.96666667,17.28166667,NA,NA,NA,27.45,0.1595,0.250458333
DC20PB,7/30/2021,10,July,Summer,2,B,Persistent,2,25.51,0.0145,V-134947,416.65,-8.62,20.82046213,0.726569121,71.20310991,1.59,-28.84,2.09,44.72,20,149,2.315082793,10,23,304,876.667,55.02741667,362.0079583,459.0127917,23.96,3.24,26.59666667,286.503375,134.4713333,29.04445833,172.1629167,2.412916667,14.08791667,0.010983333,0.048216667,NA,NA,NA,0.030451354,0.04655,0.045333333,NA,0.93489586,27.12166667,24.82375,22.89208333,21.2725,17.92666667,26.16041667,23.87,NA,19.96666667,17.28166667,NA,NA,NA,27.45,0.1595,0.250458333
DC20PC,7/30/2021,10,July,Summer,3,C,Persistent,2,24.59,0.027,V-134948,416.65,-8.62,20.96764227,0.733081517,69.50724134,1.8,-28.98,2.15,46.12,15,92,1.943533178,7,21,274,876.667,55.02741667,362.0079583,459.0127917,23.96,3.24,26.59666667,286.503375,134.4713333,29.04445833,172.1629167,2.412916667,14.08791667,0.010983333,0.048216667,NA,NA,NA,0.030451354,0.04655,0.045333333,NA,0.93489586,27.12166667,24.82375,22.89208333,21.2725,17.92666667,26.16041667,23.87,NA,19.96666667,17.28166667,NA,NA,NA,27.45,0.1595,0.250458333
DC20PD,7/30/2021,10,July,Summer,4,D,Persistent,2,24.6,0.0268,V-134950,416.65,-8.62,21.14641809,0.740991951,67.44731482,3.07,-29.15,1.97,47.87,14,162,1.835502821,6,18,84,876.667,55.02741667,362.0079583,459.0127917,23.96,3.24,26.59666667,286.503375,134.4713333,29.04445833,172.1629167,2.412916667,14.08791667,0.010983333,0.048216667,NA,NA,NA,0.030451354,0.04655,0.045333333,NA,0.93489586,27.12166667,24.82375,22.89208333,21.2725,17.92666667,26.16041667,23.87,NA,19.96666667,17.28166667,NA,NA,NA,27.45,0.1595,0.250458333
DC20PE,7/30/2021,10,July,Summer,5,E,Persistent,2,26.19,0.00921,V-134951,416.65,-8.62,21.80948651,0.770331261,59.80717495,1.21,-29.78,1.61,47.55,16,136,1.934056138,7,18,173,876.667,55.02741667,362.0079583,459.0127917,23.96,3.24,26.59666667,286.503375,134.4713333,29.04445833,172.1629167,2.412916667,14.08791667,0.010983333,0.048216667,NA,NA,NA,0.030451354,0.04655,0.045333333,NA,0.93489586,27.12166667,24.82375,22.89208333,21.2725,17.92666667,26.16041667,23.87,NA,19.96666667,17.28166667,NA,NA,NA,27.45,0.1595,0.250458333
DC20PF,7/30/2021,10,July,Summer,6,F,Persistent,2,27.22,0.00461,V-134952,416.65,-8.62,20.88353414,0.729359918,70.47636897,1.24,-28.9,1.85,48.43,11,123,1.808573356,6,17,147,876.667,55.02741667,362.0079583,459.0127917,23.96,3.24,26.59666667,286.503375,134.4713333,29.04445833,172.1629167,2.412916667,14.08791667,0.010983333,0.048216667,NA,NA,NA,0.030451354,0.04655,0.045333333,NA,0.93489586,27.12166667,24.82375,22.89208333,21.2725,17.92666667,26.16041667,23.87,NA,19.96666667,17.28166667,NA,NA,NA,27.45,0.1595,0.250458333
DC21PA,8/13/2021,11,August,Summer,1,A,Persistent,3,31.01,0.0000823,V-134961,414.34,-8.51,18.57387945,0.627162808,96.5508514,3.43,-26.59,1.92,50.03,8,17,1.936199346,7,16,80,909.125,54.32920833,363.1292917,458.30975,24.9125,1.1,27.72666667,302.600625,153.091,28.99279167,153.8941667,2.496958333,13.04583333,0.096945833,0.074045833,NA,NA,NA,0.130765833,0.052058333,0.044316667,NA,0.829354167,23.76041667,22.9875,22.05,20.93083333,18.35208333,23.14208333,22.47291667,NA,19.84,17.74833333,NA,NA,NA,24.57583333,0.044041667,0.092125
DC21PB,8/13/2021,11,August,Summer,2,B,Persistent,3,29.05,0.00135,V-134962,414.34,-8.51,18.50063689,0.623921986,97.39010262,2.26,-26.52,1.7,43.57,14,107,1.753091182,6,20,149,909.125,54.32920833,363.1292917,458.30975,24.9125,1.1,27.72666667,302.600625,153.091,28.99279167,153.8941667,2.496958333,13.04583333,0.096945833,0.074045833,NA,NA,NA,0.130765833,0.052058333,0.044316667,NA,0.829354167,23.76041667,22.9875,22.05,20.93083333,18.35208333,23.14208333,22.47291667,NA,19.84,17.74833333,NA,NA,NA,24.57583333,0.044041667,0.092125
DC21PC,8/13/2021,11,August,Summer,3,C,Persistent,3,21.61,0.2,V-134963,414.34,-8.51,19.77866003,0.680471683,82.74585187,2.94,-27.74,1.99,44.75,12,95,1.933123851,7,15,92,909.125,54.32920833,363.1292917,458.30975,24.9125,1.1,27.72666667,302.600625,153.091,28.99279167,153.8941667,2.496958333,13.04583333,0.096945833,0.074045833,NA,NA,NA,0.130765833,0.052058333,0.044316667,NA,0.829354167,23.76041667,22.9875,22.05,20.93083333,18.35208333,23.14208333,22.47291667,NA,19.84,17.74833333,NA,NA,NA,24.57583333,0.044041667,0.092125
DC21PD,8/13/2021,11,August,Summer,4,D,Persistent,3,20.75,0.038,V-134964,414.34,-8.51,18.91930777,0.642447246,92.592755,5.02,-26.92,1.61,48.65,16,46,2.575922104,13,14,162,909.125,54.32920833,363.1292917,458.30975,24.9125,1.1,27.72666667,302.600625,153.091,28.99279167,153.8941667,2.496958333,13.04583333,0.096945833,0.074045833,NA,NA,NA,0.130765833,0.052058333,0.044316667,NA,0.829354167,23.76041667,22.9875,22.05,20.93083333,18.35208333,23.14208333,22.47291667,NA,19.84,17.74833333,NA,NA,NA,24.57583333,0.044041667,0.092125
DC21PE,8/13/2021,11,August,Summer,5,E,Persistent,3,20.13,0.0551,V-134965,414.34,-8.51,18.98213809,0.645227349,91.87281266,2,-26.98,1.57,47.37,16,45,2.095996042,8,16,136,909.125,54.32920833,363.1292917,458.30975,24.9125,1.1,27.72666667,302.600625,153.091,28.99279167,153.8941667,2.496958333,13.04583333,0.096945833,0.074045833,NA,NA,NA,0.130765833,0.052058333,0.044316667,NA,0.829354167,23.76041667,22.9875,22.05,20.93083333,18.35208333,23.14208333,22.47291667,NA,19.84,17.74833333,NA,NA,NA,24.57583333,0.044041667,0.092125
DC21PF,8/13/2021,11,August,Summer,6,F,Persistent,3,19.95,0.0613,V-134966,414.34,-8.51,19.46409476,0.666552865,86.35030357,2.75,-27.44,1.9,45.77,9,158,0.605511853,2,11,123,909.125,54.32920833,363.1292917,458.30975,24.9125,1.1,27.72666667,302.600625,153.091,28.99279167,153.8941667,2.496958333,13.04583333,0.096945833,0.074045833,NA,NA,NA,0.130765833,0.052058333,0.044316667,NA,0.829354167,23.76041667,22.9875,22.05,20.93083333,18.35208333,23.14208333,22.47291667,NA,19.84,17.74833333,NA,NA,NA,24.57583333,0.044041667,0.092125
DC22PA,8/27/2021,12,August,Summer,1,A,Persistent,4,26.65,0.00112,V-134967,414.34,-8.51,18.13458201,0.607724868,101.5845489,3.06,-26.17,2.1,48.47,17,36,2.514728826,12,8,17,819.815,50.31308333,325.9095833,417.0215417,16.97666667,1.03,18.27583333,261.0807083,119.6555833,38.29175,165.1604167,2.566666667,17.13258333,0.056720833,0.069520833,NA,NA,NA,0.070441667,0.053129167,0.042870833,NA,0.852195833,19.855,19.65833333,19.65625,19.35,17.97583333,19.37583333,19.51583333,NA,18.74041667,17.45916667,NA,NA,NA,20.62833333,0.00625,0.045375
DC22PB,8/27/2021,12,August,Summer,2,B,Persistent,4,23.79,0.00617,V-134972,414.34,-8.51,18.89836605,0.641520622,92.83271605,2.22,-26.9,3.26,43.5,16,76,1.820113791,6,14,107,819.815,50.31308333,325.9095833,417.0215417,16.97666667,1.03,18.27583333,261.0807083,119.6555833,38.29175,165.1604167,2.566666667,17.13258333,0.056720833,0.069520833,NA,NA,NA,0.070441667,0.053129167,0.042870833,NA,0.852195833,19.855,19.65833333,19.65625,19.35,17.97583333,19.37583333,19.51583333,NA,18.74041667,17.45916667,NA,NA,NA,20.62833333,0.00625,0.045375
DC22PC,8/27/2021,12,August,Summer,3,C,Persistent,4,25.74,0.00192,V-134973,414.34,-8.51,19.54795986,0.67026371,85.38933389,2,-27.52,1.52,44.16,14,41,1.944387806,7,12,95,819.815,50.31308333,325.9095833,417.0215417,16.97666667,1.03,18.27583333,261.0807083,119.6555833,38.29175,165.1604167,2.566666667,17.13258333,0.056720833,0.069520833,NA,NA,NA,0.070441667,0.053129167,0.042870833,NA,0.852195833,19.855,19.65833333,19.65625,19.35,17.97583333,19.37583333,19.51583333,NA,18.74041667,17.45916667,NA,NA,NA,20.62833333,0.00625,0.045375
DC22PD,8/27/2021,12,August,Summer,4,D,Persistent,4,25.56,0.00214,V-134974,414.34,-8.51,20.41887511,0.708799784,75.40993604,1.6,-28.35,1.72,48.69,11,60,2.020271786,8,16,46,819.815,50.31308333,325.9095833,417.0215417,16.97666667,1.03,18.27583333,261.0807083,119.6555833,38.29175,165.1604167,2.566666667,17.13258333,0.056720833,0.069520833,NA,NA,NA,0.070441667,0.053129167,0.042870833,NA,0.852195833,19.855,19.65833333,19.65625,19.35,17.97583333,19.37583333,19.51583333,NA,18.74041667,17.45916667,NA,NA,NA,20.62833333,0.00625,0.045375
DC22PE,8/27/2021,12,August,Summer,5,E,Persistent,4,27.87,0.000538,V-134975,414.34,-8.51,19.49554255,0.667944361,85.98995847,1.78,-27.47,2.07,47.99,6,12,1.583258459,5,16,45,819.815,50.31308333,325.9095833,417.0215417,16.97666667,1.03,18.27583333,261.0807083,119.6555833,38.29175,165.1604167,2.566666667,17.13258333,0.056720833,0.069520833,NA,NA,NA,0.070441667,0.053129167,0.042870833,NA,0.852195833,19.855,19.65833333,19.65625,19.35,17.97583333,19.37583333,19.51583333,NA,18.74041667,17.45916667,NA,NA,NA,20.62833333,0.00625,0.045375
DC22PF,8/27/2021,12,August,Summer,6,F,Persistent,4,32.59,0.000032,V-134976,414.34,-8.51,19.55844396,0.670727609,85.26920157,2.48,-27.53,2.29,47.82,15,56,2.216333675,9,9,158,819.815,50.31308333,325.9095833,417.0215417,16.97666667,1.03,18.27583333,261.0807083,119.6555833,38.29175,165.1604167,2.566666667,17.13258333,0.056720833,0.069520833,NA,NA,NA,0.070441667,0.053129167,0.042870833,NA,0.852195833,19.855,19.65833333,19.65625,19.35,17.97583333,19.37583333,19.51583333,NA,18.74041667,17.45916667,NA,NA,NA,20.62833333,0.00625,0.045375
DC23PA,9/10/2021,13,September,Fall,1,A,Persistent,5,25.07,0.00287,V-134977,412.9,-8.45,19.12759266,0.651663392,89.89261592,2.88,-27.06,1.94,50.28,14,48,2.093095329,8,17,36,790.505,48.30358333,321.6005833,424.8090417,19.3425,1.2,20.93458333,245.4439167,93.93079167,19.60816667,131.9045833,2.5575,21.97166667,0.0369375,0.057379167,NA,NA,NA,0.048075,0.0498625,0.040925,NA,0.867529167,18.00416667,17.38708333,17.49791667,17.55125,16.99875,17.45916667,17.44458333,NA,17.25,16.57833333,NA,NA,NA,19.38166667,0.048125,0.082916667
DC23PB,9/10/2021,13,September,Fall,2,B,Persistent,5,24.77,0.00343,V-134978,412.9,-8.45,19.01238374,0.646565652,91.20815135,2.14,-26.95,4.81,69.38,14,47,2.229845494,9,16,76,790.505,48.30358333,321.6005833,424.8090417,19.3425,1.2,20.93458333,245.4439167,93.93079167,19.60816667,131.9045833,2.5575,21.97166667,0.0369375,0.057379167,NA,NA,NA,0.048075,0.0498625,0.040925,NA,0.867529167,18.00416667,17.38708333,17.49791667,17.55125,16.99875,17.45916667,17.44458333,NA,17.25,16.57833333,NA,NA,NA,19.38166667,0.048125,0.082916667
DC23PC,9/10/2021,13,September,Fall,3,C,Persistent,5,24.49,0.00406,V-134979,412.9,-8.45,18.61458965,0.628964144,95.75044067,2.21,-26.57,1.64,45.9,13,34,1.990055935,7,14,41,790.505,48.30358333,321.6005833,424.8090417,19.3425,1.2,20.93458333,245.4439167,93.93079167,19.60816667,131.9045833,2.5575,21.97166667,0.0369375,0.057379167,NA,NA,NA,0.048075,0.0498625,0.040925,NA,0.867529167,18.00416667,17.38708333,17.49791667,17.55125,16.99875,17.45916667,17.44458333,NA,17.25,16.57833333,NA,NA,NA,19.38166667,0.048125,0.082916667
DC23PD,9/10/2021,13,September,Fall,4,D,Persistent,5,25.56,0.00214,V-134980,412.9,-8.45,19.70402822,0.67716939,83.31047423,1.92,-27.61,1.63,48.64,12,50,2.116333208,8,11,60,790.505,48.30358333,321.6005833,424.8090417,19.3425,1.2,20.93458333,245.4439167,93.93079167,19.60816667,131.9045833,2.5575,21.97166667,0.0369375,0.057379167,NA,NA,NA,0.048075,0.0498625,0.040925,NA,0.867529167,18.00416667,17.38708333,17.49791667,17.55125,16.99875,17.45916667,17.44458333,NA,17.25,16.57833333,NA,NA,NA,19.38166667,0.048125,0.082916667
DC23PE,9/10/2021,13,September,Fall,5,E,Persistent,5,27.87,0.000538,V-134981,412.9,-8.45,20.72224167,0.722223083,71.68380575,1.72,-28.58,1.81,48.65,10,21,2.086673901,8,6,12,790.505,48.30358333,321.6005833,424.8090417,19.3425,1.2,20.93458333,245.4439167,93.93079167,19.60816667,131.9045833,2.5575,21.97166667,0.0369375,0.057379167,NA,NA,NA,0.048075,0.0498625,0.040925,NA,0.867529167,18.00416667,17.38708333,17.49791667,17.55125,16.99875,17.45916667,17.44458333,NA,17.25,16.57833333,NA,NA,NA,19.38166667,0.048125,0.082916667
DC23PF,9/10/2021,13,September,Fall,6,F,Persistent,5,32.59,0.000032,V-134984,412.9,-8.45,19.46289404,0.666499736,86.06391182,2.31,-27.38,2.12,48.06,14,48,2.041534703,8,15,56,790.505,48.30358333,321.6005833,424.8090417,19.3425,1.2,20.93458333,245.4439167,93.93079167,19.60816667,131.9045833,2.5575,21.97166667,0.0369375,0.057379167,NA,NA,NA,0.048075,0.0498625,0.040925,NA,0.867529167,18.00416667,17.38708333,17.49791667,17.55125,16.99875,17.45916667,17.44458333,NA,17.25,16.57833333,NA,NA,NA,19.38166667,0.048125,0.082916667
DC24PA,9/24/2021,14,September,Fall,1,A,Persistent,6,24.59,0.00382,V-134985,412.9,-8.45,18.37397038,0.618317273,98.49799862,2.53,-26.34,1.74,48.01,11,29,2.124028507,8,14,48,739.022,41.2175,314.89175,397.022375,14.77875,2.02,15.96583333,212.028875,88.681125,37.975,167.7045833,2.521833333,12.48829167,0.028920833,0.0512,NA,NA,NA,0.0469375,0.047170833,0.03865,NA,0.868,14.02041667,14.40416667,15.19875,15.70375,16.035,14.21291667,14.89666667,NA,15.84625,15.795,NA,NA,NA,15.42916667,-0.040083333,-0.063625
DC24PB,9/24/2021,14,September,Fall,2,B,Persistent,6,25.89,0.00176,V-134986,412.9,-8.45,19.01238374,0.646565652,91.20815135,1.97,-26.95,2.13,43.69,13,35,2.228079143,9,14,47,739.022,41.2175,314.89175,397.022375,14.77875,2.02,15.96583333,212.028875,88.681125,37.975,167.7045833,2.521833333,12.48829167,0.028920833,0.0512,NA,NA,NA,0.0469375,0.047170833,0.03865,NA,0.868,14.02041667,14.40416667,15.19875,15.70375,16.035,14.21291667,14.89666667,NA,15.84625,15.795,NA,NA,NA,15.42916667,-0.040083333,-0.063625
DC24PC,9/24/2021,14,September,Fall,3,C,Persistent,6,25.25,0.00258,V-134987,412.9,-8.45,18.93908254,0.643322236,92.04515541,2.81,-26.88,1.96,44.94,10,39,1.934835235,7,13,34,739.022,41.2175,314.89175,397.022375,14.77875,2.02,15.96583333,212.028875,88.681125,37.975,167.7045833,2.521833333,12.48829167,0.028920833,0.0512,NA,NA,NA,0.0469375,0.047170833,0.03865,NA,0.868,14.02041667,14.40416667,15.19875,15.70375,16.035,14.21291667,14.89666667,NA,15.84625,15.795,NA,NA,NA,15.42916667,-0.040083333,-0.063625
DC24PD,9/24/2021,14,September,Fall,4,D,Persistent,6,25.25,0.00258,V-134988,412.9,-8.45,19.63062748,0.67392157,84.14861486,2.59,-27.54,1.45,47.36,16,65,2.323153013,10,12,50,739.022,41.2175,314.89175,397.022375,14.77875,2.02,15.96583333,212.028875,88.681125,37.975,167.7045833,2.521833333,12.48829167,0.028920833,0.0512,NA,NA,NA,0.0469375,0.047170833,0.03865,NA,0.868,14.02041667,14.40416667,15.19875,15.70375,16.035,14.21291667,14.89666667,NA,15.84625,15.795,NA,NA,NA,15.42916667,-0.040083333,-0.063625
DC24PE,9/24/2021,14,September,Fall,5,E,Persistent,6,25.83,0.00182,V-134989,412.9,-8.45,18.54134566,0.625723259,96.5867914,1.58,-26.5,2.08,47.17,10,43,2.009197322,7,10,21,739.022,41.2175,314.89175,397.022375,14.77875,2.02,15.96583333,212.028875,88.681125,37.975,167.7045833,2.521833333,12.48829167,0.028920833,0.0512,NA,NA,NA,0.0469375,0.047170833,0.03865,NA,0.868,14.02041667,14.40416667,15.19875,15.70375,16.035,14.21291667,14.89666667,NA,15.84625,15.795,NA,NA,NA,15.42916667,-0.040083333,-0.063625
DC24PF,9/24/2021,14,September,Fall,6,F,Persistent,6,25.46,0.00227,V-134990,412.9,-8.45,19.62014252,0.673457634,84.26833938,1.9,-27.53,2.01,48.81,10,30,2.063050249,8,14,48,739.022,41.2175,314.89175,397.022375,14.77875,2.02,15.96583333,212.028875,88.681125,37.975,167.7045833,2.521833333,12.48829167,0.028920833,0.0512,NA,NA,NA,0.0469375,0.047170833,0.03865,NA,0.868,14.02041667,14.40416667,15.19875,15.70375,16.035,14.21291667,14.89666667,NA,15.84625,15.795,NA,NA,NA,15.42916667,-0.040083333,-0.063625
DC25PA,10/8/2021,15,October,Fall,1,A,Persistent,7,24.62,0.00376,V-134991,413.55,-8.47,17.5382784,0.581339752,108.210591,2.76,-25.56,1.71,49.62,12,60,2.122305491,8,11,29,166.28,6.795416667,347.07875,366.7133333,10.20416667,1,11.45416667,35.66625,9.235,78.78166667,223.0208333,2.129583333,37.61416667,0.01475,0.048041667,NA,NA,0.040222222,0.077125,0.046,0.037,NA,0.917583333,12.07083333,12.49166667,13.00833333,13.375,14.06666667,12.29583333,12.87916667,NA,13.675,14.02083333,NA,NA,NA,12.47916667,-0.05375,-0.079166667
DC25PB,10/8/2021,15,October,Fall,2,B,Persistent,7,24.86,0.00325,V-134992,413.55,-8.47,18.82430308,0.638243499,93.50275059,1.69,-26.79,2.21,44.34,11,102,1.987693492,7,13,35,166.28,6.795416667,347.07875,366.7133333,10.20416667,1,11.45416667,35.66625,9.235,78.78166667,223.0208333,2.129583333,37.61416667,0.01475,0.048041667,NA,NA,0.040222222,0.077125,0.046,0.037,NA,0.917583333,12.07083333,12.49166667,13.00833333,13.375,14.06666667,12.29583333,12.87916667,NA,13.675,14.02083333,NA,NA,NA,12.47916667,-0.05375,-0.079166667
DC25PC,10/8/2021,15,October,Fall,3,C,Persistent,7,23.42,0.0077,V-134993,413.55,-8.47,18.82430308,0.638243499,93.50275059,1.97,-26.79,1.88,47.28,11,100,2.04994615,8,10,39,166.28,6.795416667,347.07875,366.7133333,10.20416667,1,11.45416667,35.66625,9.235,78.78166667,223.0208333,2.129583333,37.61416667,0.01475,0.048041667,NA,NA,0.040222222,0.077125,0.046,0.037,NA,0.917583333,12.07083333,12.49166667,13.00833333,13.375,14.06666667,12.29583333,12.87916667,NA,13.675,14.02083333,NA,NA,NA,12.47916667,-0.05375,-0.079166667
DC25PD,10/8/2021,15,October,Fall,4,D,Persistent,7,25.25,0.00258,V-135008,413.55,-8.47,19.07561384,0.649363444,90.62859224,4.26,-27.03,1.28,46.86,13,76,2.193190048,9,16,65,166.28,6.795416667,347.07875,366.7133333,10.20416667,1,11.45416667,35.66625,9.235,78.78166667,223.0208333,2.129583333,37.61416667,0.01475,0.048041667,NA,NA,0.040222222,0.077125,0.046,0.037,NA,0.917583333,12.07083333,12.49166667,13.00833333,13.375,14.06666667,12.29583333,12.87916667,NA,13.675,14.02083333,NA,NA,NA,12.47916667,-0.05375,-0.079166667
DC25PE,10/8/2021,15,October,Fall,5,E,Persistent,7,25.83,0.00182,V-135009,413.55,-8.47,18.99182981,0.645656186,91.58680256,1.9,-26.95,1.75,47.4,15,68,2.172003968,9,10,43,166.28,6.795416667,347.07875,366.7133333,10.20416667,1,11.45416667,35.66625,9.235,78.78166667,223.0208333,2.129583333,37.61416667,0.01475,0.048041667,NA,NA,0.040222222,0.077125,0.046,0.037,NA,0.917583333,12.07083333,12.49166667,13.00833333,13.375,14.06666667,12.29583333,12.87916667,NA,13.675,14.02083333,NA,NA,NA,12.47916667,-0.05375,-0.079166667
DC25PF,10/8/2021,15,October,Fall,6,F,Persistent,7,25.46,0.00227,V-135010,413.55,-8.47,19.73589485,0.678579418,83.077176,2.7,-27.66,2.18,47.73,11,30,1.973904809,7,10,30,166.28,6.795416667,347.07875,366.7133333,10.20416667,1,11.45416667,35.66625,9.235,78.78166667,223.0208333,2.129583333,37.61416667,0.01475,0.048041667,NA,NA,0.040222222,0.077125,0.046,0.037,NA,0.917583333,12.07083333,12.49166667,13.00833333,13.375,14.06666667,12.29583333,12.87916667,NA,13.675,14.02083333,NA,NA,NA,12.47916667,-0.05375,-0.079166667
DC26PA,10/22/2021,16,October,Fall,1,A,Persistent,8,25.49,0.00223,V-139433,413.55,-8.47,18.21120336,0.611115193,100.51457,3.040951642,-26.20399704,2.54,52.26,16,158,2.140373779,9,12,60,506.425,25.064,306.0384167,366.463125,10.52583333,3.96,11.54083333,128.6819583,43.19275,43.64266667,143.2241667,2.534541667,5.241125,0.046129167,0.047370833,NA,NA,NA,0.101916667,0.046420833,0.035458333,NA,0.969874793,7.693333333,8.1925,9.517916667,10.66916667,12.6825,7.798333333,8.77375,NA,11.29416667,12.69125,NA,NA,NA,9.14625,-0.064583333,-0.085958333
DC26PB,10/22/2021,16,October,Fall,2,B,Persistent,8,25.43,0.00231,V-139434,413.55,-8.47,19.82682478,0.682602866,82.03724041,1.826247457,-27.7466959,1.93,51.98,12,177,1.7534473,6,11,102,506.425,25.064,306.0384167,366.463125,10.52583333,3.96,11.54083333,128.6819583,43.19275,43.64266667,143.2241667,2.534541667,5.241125,0.046129167,0.047370833,NA,NA,NA,0.101916667,0.046420833,0.035458333,NA,0.969874793,7.693333333,8.1925,9.517916667,10.66916667,12.6825,7.798333333,8.77375,NA,11.29416667,12.69125,NA,NA,NA,9.14625,-0.064583333,-0.085958333
DC26PC,10/22/2021,16,October,Fall,3,C,Persistent,8,24.57,0.00387,V-139435,413.55,-8.47,17.85994925,0.595572975,104.5317475,2.491472445,-25.86794899,2.58,51.32,9,78,1.730937443,6,11,100,506.425,25.064,306.0384167,366.463125,10.52583333,3.96,11.54083333,128.6819583,43.19275,43.64266667,143.2241667,2.534541667,5.241125,0.046129167,0.047370833,NA,NA,NA,0.101916667,0.046420833,0.035458333,NA,0.969874793,7.693333333,8.1925,9.517916667,10.66916667,12.6825,7.798333333,8.77375,NA,11.29416667,12.69125,NA,NA,NA,9.14625,-0.064583333,-0.085958333
DC26PD,10/22/2021,16,October,Fall,4,D,Persistent,8,24.61,0.00378,V-139438,413.55,-8.47,19.13235091,0.651873934,89.97970911,1.903086078,-27.08416712,2.59,51.6,14,39,2.274797451,10,13,76,506.425,25.064,306.0384167,366.463125,10.52583333,3.96,11.54083333,128.6819583,43.19275,43.64266667,143.2241667,2.534541667,5.241125,0.046129167,0.047370833,NA,NA,NA,0.101916667,0.046420833,0.035458333,NA,0.969874793,7.693333333,8.1925,9.517916667,10.66916667,12.6825,7.798333333,8.77375,NA,11.29416667,12.69125,NA,NA,NA,9.14625,-0.064583333,-0.085958333
DC26PE,10/22/2021,16,October,Fall,5,E,Persistent,8,22.29,0.0151,V-139439,413.55,-8.47,19.3643209,0.662138093,87.32674474,1.591317211,-27.30556714,2.31,51.89,12,79,1.89017193,7,15,68,506.425,25.064,306.0384167,366.463125,10.52583333,3.96,11.54083333,128.6819583,43.19275,43.64266667,143.2241667,2.534541667,5.241125,0.046129167,0.047370833,NA,NA,NA,0.101916667,0.046420833,0.035458333,NA,0.969874793,7.693333333,8.1925,9.517916667,10.66916667,12.6825,7.798333333,8.77375,NA,11.29416667,12.69125,NA,NA,NA,9.14625,-0.064583333,-0.085958333
DC26PF,10/22/2021,16,October,Fall,6,F,Persistent,8,23.8,0.00613,V-139440,413.55,-8.47,19.74336755,0.678910069,82.99171316,2.474356065,-27.66712533,2.37,51.89,15,86,1.978046651,7,11,30,506.425,25.064,306.0384167,366.463125,10.52583333,3.96,11.54083333,128.6819583,43.19275,43.64266667,143.2241667,2.534541667,5.241125,0.046129167,0.047370833,NA,NA,NA,0.101916667,0.046420833,0.035458333,NA,0.969874793,7.693333333,8.1925,9.517916667,10.66916667,12.6825,7.798333333,8.77375,NA,11.29416667,12.69125,NA,NA,NA,9.14625,-0.064583333,-0.085958333
DC27PA,11/5/2021,17,November,Fall,1,A,Persistent,9,23.27,0.00842,V-139441,414.82,-8.52,18.66127563,0.631029895,95.66011184,2.826167085,-26.68333064,2.69,52.13,11,92,1.738287505,6,16,158,502.03,17.00333333,305.9591667,356.9816667,9.591666667,0.9,10.63333333,95.87916667,27.8525,50.65375,125.6416667,3.472916667,2.476666667,0.131166667,0.192291667,NA,NA,0.064,0.218666667,0.111625,0.039,NA,NA,8.441666667,8.854166667,9.545833333,10.22916667,11.59166667,8.179166667,8.925,NA,10.575,11.57916667,NA,NA,NA,9.0625,-0.081666667,-0.12875
DC27PB,11/5/2021,17,November,Fall,2,B,Persistent,9,24.8,0.00337,V-139442,414.82,-8.52,18.95345466,0.643958171,92.30829471,1.99031559,-26.96242359,2.23,52.67,16,112,1.859597695,6,12,177,502.03,17.00333333,305.9591667,356.9816667,9.591666667,0.9,10.63333333,95.87916667,27.8525,50.65375,125.6416667,3.472916667,2.476666667,0.131166667,0.192291667,NA,NA,0.064,0.218666667,0.111625,0.039,NA,NA,8.441666667,8.854166667,9.545833333,10.22916667,11.59166667,8.179166667,8.925,NA,10.575,11.57916667,NA,NA,NA,9.0625,-0.081666667,-0.12875
DC27PC,11/5/2021,17,November,Fall,3,C,Persistent,9,22,0.018,V-139443,414.82,-8.52,18.81736426,0.637936472,93.86949547,2.034803861,-26.83244831,2.63,51.46,15,153,1.695548624,5,9,78,502.03,17.00333333,305.9591667,356.9816667,9.591666667,0.9,10.63333333,95.87916667,27.8525,50.65375,125.6416667,3.472916667,2.476666667,0.131166667,0.192291667,NA,NA,0.064,0.218666667,0.111625,0.039,NA,NA,8.441666667,8.854166667,9.545833333,10.22916667,11.59166667,8.179166667,8.925,NA,10.575,11.57916667,NA,NA,NA,9.0625,-0.081666667,-0.12875
DC27PD,11/5/2021,17,November,Fall,4,D,Persistent,9,24.61,0.00378,V-139444,414.82,-8.52,19.28398209,0.658583278,88.51655285,1.886950671,-27.2779545,2.03,51.15,18,256,1.688277934,5,14,39,502.03,17.00333333,305.9591667,356.9816667,9.591666667,0.9,10.63333333,95.87916667,27.8525,50.65375,125.6416667,3.472916667,2.476666667,0.131166667,0.192291667,NA,NA,0.064,0.218666667,0.111625,0.039,NA,NA,8.441666667,8.854166667,9.545833333,10.22916667,11.59166667,8.179166667,8.925,NA,10.575,11.57916667,NA,NA,NA,9.0625,-0.081666667,-0.12875
DC27PE,11/5/2021,17,November,Fall,5,E,Persistent,9,22.29,0.0151,V-139445,414.82,-8.52,19.76693679,0.679952955,82.97619696,2.093295986,-27.73862906,2.33,50.73,14,239,1.83175515,6,12,79,502.03,17.00333333,305.9591667,356.9816667,9.591666667,0.9,10.63333333,95.87916667,27.8525,50.65375,125.6416667,3.472916667,2.476666667,0.131166667,0.192291667,NA,NA,0.064,0.218666667,0.111625,0.039,NA,NA,8.441666667,8.854166667,9.545833333,10.22916667,11.59166667,8.179166667,8.925,NA,10.575,11.57916667,NA,NA,NA,9.0625,-0.081666667,-0.12875
DC27PF,11/5/2021,17,November,Fall,6,F,Persistent,9,23.8,0.00613,V-139446,414.82,-8.52,20.08541009,0.694044694,79.32273751,2.78110152,-28.04217157,2.12,51.81,11,318,1.517927841,5,15,86,502.03,17.00333333,305.9591667,356.9816667,9.591666667,0.9,10.63333333,95.87916667,27.8525,50.65375,125.6416667,3.472916667,2.476666667,0.131166667,0.192291667,NA,NA,0.064,0.218666667,0.111625,0.039,NA,NA,8.441666667,8.854166667,9.545833333,10.22916667,11.59166667,8.179166667,8.925,NA,10.575,11.57916667,NA,NA,NA,9.0625,-0.081666667,-0.12875
DC28PA,11/19/2021,18,November,Fall,1,A,Persistent,10,22.27,0.0153,V-139447,414.82,-8.52,18.8679622,0.640175319,93.28904648,3.244027376,-26.88077672,2.52,51.3,19,180,1.843046826,6,11,92,352.707,14.132125,302.4785,342.149625,6.03125,0.9,6.81375,80.96458333,27.16091667,65.90004167,146.38625,2.184875,8.421041667,0.136754167,0.214875,NA,NA,NA,0.218,0.1459625,0.050633333,NA,NA,5.730416667,6.36375,7.32625,8.325,10.55416667,5.515833333,6.414583333,NA,8.995833333,10.62666667,NA,NA,NA,6.299166667,-0.086903986,-0.129916667
DC28PB,11/19/2021,18,November,Fall,2,B,Persistent,10,22.11,0.0169,V-139450,414.82,-8.52,19.23267134,0.656312891,89.10517901,2.468882188,-27.22898522,2.31,51.13,13,102,1.607752146,5,16,112,352.707,14.132125,302.4785,342.149625,6.03125,0.9,6.81375,80.96458333,27.16091667,65.90004167,146.38625,2.184875,8.421041667,0.136754167,0.214875,NA,NA,NA,0.218,0.1459625,0.050633333,NA,NA,5.730416667,6.36375,7.32625,8.325,10.55416667,5.515833333,6.414583333,NA,8.995833333,10.62666667,NA,NA,NA,6.299166667,-0.086903986,-0.129916667
DC28PC,11/19/2021,18,November,Fall,3,C,Persistent,10,20.21,0.0525,V-139451,414.82,-8.52,18.8683237,0.640191314,93.2848994,2.076769652,-26.88112199,2.53,51.01,17,338,1.746975911,6,15,153,352.707,14.132125,302.4785,342.149625,6.03125,0.9,6.81375,80.96458333,27.16091667,65.90004167,146.38625,2.184875,8.421041667,0.136754167,0.214875,NA,NA,NA,0.218,0.1459625,0.050633333,NA,NA,5.730416667,6.36375,7.32625,8.325,10.55416667,5.515833333,6.414583333,NA,8.995833333,10.62666667,NA,NA,NA,6.299166667,-0.086903986,-0.129916667
DC28PD,11/19/2021,18,November,Fall,4,D,Persistent,10,24.31,0.00452,V-139452,414.82,-8.52,19.87218804,0.68461009,81.76877642,1.944250711,-27.83896686,2.3,50.75,16,162,1.681790003,5,18,256,352.707,14.132125,302.4785,342.149625,6.03125,0.9,6.81375,80.96458333,27.16091667,65.90004167,146.38625,2.184875,8.421041667,0.136754167,0.214875,NA,NA,NA,0.218,0.1459625,0.050633333,NA,NA,5.730416667,6.36375,7.32625,8.325,10.55416667,5.515833333,6.414583333,NA,8.995833333,10.62666667,NA,NA,NA,6.299166667,-0.086903986,-0.129916667
DC28PE,11/19/2021,18,November,Fall,5,E,Persistent,10,21.84,0.0198,V-139453,414.82,-8.52,20.18918537,0.698636521,78.13224906,1.373885972,-28.14104068,2.47,51.24,13,149,1.651074181,5,14,239,352.707,14.132125,302.4785,342.149625,6.03125,0.9,6.81375,80.96458333,27.16091667,65.90004167,146.38625,2.184875,8.421041667,0.136754167,0.214875,NA,NA,NA,0.218,0.1459625,0.050633333,NA,NA,5.730416667,6.36375,7.32625,8.325,10.55416667,5.515833333,6.414583333,NA,8.995833333,10.62666667,NA,NA,NA,6.299166667,-0.086903986,-0.129916667
DC28PF,11/19/2021,18,November,Fall,6,F,Persistent,10,22.35,0.0146,V-139454,414.82,-8.52,19.98507636,0.689605149,80.47374515,2.644559337,-27.94656218,2.69,51.19,10,226,1.380878405,4,11,318,352.707,14.132125,302.4785,342.149625,6.03125,0.9,6.81375,80.96458333,27.16091667,65.90004167,146.38625,2.184875,8.421041667,0.136754167,0.214875,NA,NA,NA,0.218,0.1459625,0.050633333,NA,NA,5.730416667,6.36375,7.32625,8.325,10.55416667,5.515833333,6.414583333,NA,8.995833333,10.62666667,NA,NA,NA,6.299166667,-0.086903986,-0.129916667
DC29PA,12/3/2021,19,December,Winter,1,A,Persistent,11,23.93,0.00567,V-139455,416.43,-8.6,18.76051634,0.635421077,94.88850055,2.754481841,-26.85667132,2.45,51.58,7,134,1.089628959,3,19,180,407.93,16.39875,274.8158333,334.3295833,5.716666667,0.91,6.4625,93.5225,17.61,77.22958333,137.6875,1.311666667,2.490833333,0.133958333,0.207958333,NA,NA,NA,0.202333333,0.147791667,0.082166667,NA,NA,2.666666667,3.454166667,4.5125,5.5125,8.083333333,2.808333333,3.745833333,NA,6.2875,8.25,NA,NA,NA,3.975,-0.0975,-0.145416667
DC29PB,12/3/2021,19,December,Winter,2,B,Persistent,11,21.36,0.0264,V-139456,416.43,-8.6,18.83027604,0.63850779,94.08512575,2.048625907,-26.92330282,2.14,53.57,8,215,1.233040349,3,13,102,407.93,16.39875,274.8158333,334.3295833,5.716666667,0.91,6.4625,93.5225,17.61,77.22958333,137.6875,1.311666667,2.490833333,0.133958333,0.207958333,NA,NA,NA,0.202333333,0.147791667,0.082166667,NA,NA,2.666666667,3.454166667,4.5125,5.5125,8.083333333,2.808333333,3.745833333,NA,6.2875,8.25,NA,NA,NA,3.975,-0.0975,-0.145416667
DC29PC,12/3/2021,19,December,Winter,3,C,Persistent,11,21.5,0.0243,V-139457,416.43,-8.6,18.65759141,0.630866877,96.07381662,2.05974314,-26.75834514,2.2,50.84,7,320,1.011503393,3,17,338,407.93,16.39875,274.8158333,334.3295833,5.716666667,0.91,6.4625,93.5225,17.61,77.22958333,137.6875,1.311666667,2.490833333,0.133958333,0.207958333,NA,NA,NA,0.202333333,0.147791667,0.082166667,NA,NA,2.666666667,3.454166667,4.5125,5.5125,8.083333333,2.808333333,3.745833333,NA,6.2875,8.25,NA,NA,NA,3.975,-0.0975,-0.145416667
DC29PD,12/3/2021,19,December,Winter,4,D,Persistent,11,24.31,0.00452,V-139462,416.43,-8.6,19.42928246,0.665012498,87.18677837,3.815588651,-27.49507292,1.84,50.97,8,122,0.816074869,2,16,162,407.93,16.39875,274.8158333,334.3295833,5.716666667,0.91,6.4625,93.5225,17.61,77.22958333,137.6875,1.311666667,2.490833333,0.133958333,0.207958333,NA,NA,NA,0.202333333,0.147791667,0.082166667,NA,NA,2.666666667,3.454166667,4.5125,5.5125,8.083333333,2.808333333,3.745833333,NA,6.2875,8.25,NA,NA,NA,3.975,-0.0975,-0.145416667
DC29PE,12/3/2021,19,December,Winter,5,E,Persistent,11,21.84,0.0198,V-139463,416.43,-8.6,20.03325636,0.691737007,80.23122383,1.833244102,-28.07090473,2.05,51.01,11,133,1.217251128,3,13,149,407.93,16.39875,274.8158333,334.3295833,5.716666667,0.91,6.4625,93.5225,17.61,77.22958333,137.6875,1.311666667,2.490833333,0.133958333,0.207958333,NA,NA,NA,0.202333333,0.147791667,0.082166667,NA,NA,2.666666667,3.454166667,4.5125,5.5125,8.083333333,2.808333333,3.745833333,NA,6.2875,8.25,NA,NA,NA,3.975,-0.0975,-0.145416667
DC29PF,12/3/2021,19,December,Winter,6,F,Persistent,11,22.35,0.0146,V-139464,416.43,-8.6,19.96436785,0.688688843,81.02456568,2.283831619,-28.00526053,2.72,50.46,8,151,1.047446945,3,10,226,407.93,16.39875,274.8158333,334.3295833,5.716666667,0.91,6.4625,93.5225,17.61,77.22958333,137.6875,1.311666667,2.490833333,0.133958333,0.207958333,NA,NA,NA,0.202333333,0.147791667,0.082166667,NA,NA,2.666666667,3.454166667,4.5125,5.5125,8.083333333,2.808333333,3.745833333,NA,6.2875,8.25,NA,NA,NA,3.975,-0.0975,-0.145416667
DC30PA,12/17/2021,20,December,Winter,1,A,Persistent,12,22.66,0.0121,V-139465,416.43,-8.6,18.84526988,0.639171234,93.91245202,3.528839404,-26.9376231,2.86,50.9,8,350,1.054369009,3,7,134,261.811,17.57533333,295.5021667,317.5911667,1.553333333,0.97,2.207083333,47.868375,8.204333333,71.18225,130.5733333,2.535,-3.937083333,0.157645833,0.215816667,NA,NA,NA,0.229016667,0.157270833,0.094704167,NA,NA,2.59,3.127916667,4.094583333,5.067083333,7.595416667,2.31625,3.145,NA,5.78625,7.774583333,NA,NA,NA,3.0675,-0.088402174,-0.12525
DC30PB,12/17/2021,20,December,Winter,2,B,Persistent,12,22.64,0.0123,V-139466,416.43,-8.6,18.93808664,0.64327817,92.84354479,3.016165174,-27.02626097,2.34,51.46,13,186,1.187330671,3,8,215,261.811,17.57533333,295.5021667,317.5911667,1.553333333,0.97,2.207083333,47.868375,8.204333333,71.18225,130.5733333,2.535,-3.937083333,0.157645833,0.215816667,NA,NA,NA,0.229016667,0.157270833,0.094704167,NA,NA,2.59,3.127916667,4.094583333,5.067083333,7.595416667,2.31625,3.145,NA,5.78625,7.774583333,NA,NA,NA,3.0675,-0.088402174,-0.12525
DC30PC,12/17/2021,20,December,Winter,3,C,Persistent,12,20.42,0.0463,V-139467,416.43,-8.6,18.92869805,0.642862746,92.95166673,2.411560661,-27.01729582,2.4,49.63,8,280,0.956197042,3,7,320,261.811,17.57533333,295.5021667,317.5911667,1.553333333,0.97,2.207083333,47.868375,8.204333333,71.18225,130.5733333,2.535,-3.937083333,0.157645833,0.215816667,NA,NA,NA,0.229016667,0.157270833,0.094704167,NA,NA,2.59,3.127916667,4.094583333,5.067083333,7.595416667,2.31625,3.145,NA,5.78625,7.774583333,NA,NA,NA,3.0675,-0.088402174,-0.12525
DC30PD,12/17/2021,20,December,Winter,4,D,Persistent,12,21.8,0.0203,V-139468,416.43,-8.6,19.85570563,0.68388078,82.27595426,1.438527967,-27.90169773,2.41,50.38,7,147,0.983801937,3,8,122,261.811,17.57533333,295.5021667,317.5911667,1.553333333,0.97,2.207083333,47.868375,8.204333333,71.18225,130.5733333,2.535,-3.937083333,0.157645833,0.215816667,NA,NA,NA,0.229016667,0.157270833,0.094704167,NA,NA,2.59,3.127916667,4.094583333,5.067083333,7.595416667,2.31625,3.145,NA,5.78625,7.774583333,NA,NA,NA,3.0675,-0.088402174,-0.12525
DC30PE,12/17/2021,20,December,Winter,5,E,Persistent,12,22.6,0.0126,V-139469,416.43,-8.6,19.62676364,0.673750604,84.91252261,1.924157403,-27.68342755,2.35,51.18,10,233,1.015432354,3,11,133,261.811,17.57533333,295.5021667,317.5911667,1.553333333,0.97,2.207083333,47.868375,8.204333333,71.18225,130.5733333,2.535,-3.937083333,0.157645833,0.215816667,NA,NA,NA,0.229016667,0.157270833,0.094704167,NA,NA,2.59,3.127916667,4.094583333,5.067083333,7.595416667,2.31625,3.145,NA,5.78625,7.774583333,NA,NA,NA,3.0675,-0.088402174,-0.12525
DC30PF,12/17/2021,20,December,Winter,6,F,Persistent,12,22.6,0.0126,V-139470,416.43,-8.6,19.65564937,0.675028733,84.57986536,2.430375747,-27.71097222,2.82,49.98,11,248,0.981128756,3,8,151,261.811,17.57533333,295.5021667,317.5911667,1.553333333,0.97,2.207083333,47.868375,8.204333333,71.18225,130.5733333,2.535,-3.937083333,0.157645833,0.215816667,NA,NA,NA,0.229016667,0.157270833,0.094704167,NA,NA,2.59,3.127916667,4.094583333,5.067083333,7.595416667,2.31625,3.145,NA,5.78625,7.774583333,NA,NA,NA,3.0675,-0.088402174,-0.12525
DC31PA,12/31/2021,21,December,Winter,1,A,Persistent,13,22.87,0.0107,V-139471,416.43,-8.6,19.10723079,0.650762424,90.89562727,3.309317198,-27.18774821,2.65,50.72,9,376,0.900558038,2,8,350,240.518,36.25666667,290.0242917,296.5374167,-2.917083333,0.91,-2.50625,44.80183333,2.032,82.89658333,145.6983333,1.936333333,-25.05091667,0.169816667,0.2321625,NA,0.085741667,0.134762798,0.241908333,0.18885,0.142270833,NA,NA,1.994583333,2.555,3.403333333,4.285833333,6.647916667,1.474166667,2.247083333,NA,4.672916667,6.732916667,NA,NA,NA,2.385416667,-0.044055383,-0.106875
DC31PB,12/31/2021,21,December,Winter,2,B,Persistent,13,20.06,0.0574,V-139474,416.43,-8.6,19.66861799,0.675602566,84.43051468,2.094222307,-27.72333824,2.12,51.53,8,538,1.102799513,3,13,186,240.518,36.25666667,290.0242917,296.5374167,-2.917083333,0.91,-2.50625,44.80183333,2.032,82.89658333,145.6983333,1.936333333,-25.05091667,0.169816667,0.2321625,NA,0.085741667,0.134762798,0.241908333,0.18885,0.142270833,NA,NA,1.994583333,2.555,3.403333333,4.285833333,6.647916667,1.474166667,2.247083333,NA,4.672916667,6.732916667,NA,NA,NA,2.385416667,-0.044055383,-0.106875
DC31PC,12/31/2021,21,December,Winter,3,C,Persistent,13,20.46,0.0452,V-139475,416.43,-8.6,19.40549078,0.663959769,87.46077091,1.203731943,-27.47237584,1.54,50.38,9,404,1.009111358,3,8,280,240.518,36.25666667,290.0242917,296.5374167,-2.917083333,0.91,-2.50625,44.80183333,2.032,82.89658333,145.6983333,1.936333333,-25.05091667,0.169816667,0.2321625,NA,0.085741667,0.134762798,0.241908333,0.18885,0.142270833,NA,NA,1.994583333,2.555,3.403333333,4.285833333,6.647916667,1.474166667,2.247083333,NA,4.672916667,6.732916667,NA,NA,NA,2.385416667,-0.044055383,-0.106875
DC31PD,12/31/2021,21,December,Winter,4,D,Persistent,13,21.8,0.0203,V-139476,416.43,-8.6,19.48981265,0.667690825,86.4896935,2.066002038,-27.55281348,2.53,50.2,9,131,1.007463268,3,7,147,240.518,36.25666667,290.0242917,296.5374167,-2.917083333,0.91,-2.50625,44.80183333,2.032,82.89658333,145.6983333,1.936333333,-25.05091667,0.169816667,0.2321625,NA,0.085741667,0.134762798,0.241908333,0.18885,0.142270833,NA,NA,1.994583333,2.555,3.403333333,4.285833333,6.647916667,1.474166667,2.247083333,NA,4.672916667,6.732916667,NA,NA,NA,2.385416667,-0.044055383,-0.106875
DC31PE,12/31/2021,21,December,Winter,5,E,Persistent,13,22.6,0.0126,V-139477,416.43,-8.6,19.79074772,0.681006536,83.02403009,1.911911599,-27.8397777,2.32,50.66,11,97,1.340416198,4,10,233,240.518,36.25666667,290.0242917,296.5374167,-2.917083333,0.91,-2.50625,44.80183333,2.032,82.89658333,145.6983333,1.936333333,-25.05091667,0.169816667,0.2321625,NA,0.085741667,0.134762798,0.241908333,0.18885,0.142270833,NA,NA,1.994583333,2.555,3.403333333,4.285833333,6.647916667,1.474166667,2.247083333,NA,4.672916667,6.732916667,NA,NA,NA,2.385416667,-0.044055383,-0.106875
DC31PF,12/31/2021,21,December,Winter,6,F,Persistent,13,22.6,0.0126,V-139478,416.43,-8.6,19.55423203,0.67054124,85.7478196,2.893295117,-27.61425645,2.6,49.87,10,299,0.914299815,2,11,248,240.518,36.25666667,290.0242917,296.5374167,-2.917083333,0.91,-2.50625,44.80183333,2.032,82.89658333,145.6983333,1.936333333,-25.05091667,0.169816667,0.2321625,NA,0.085741667,0.134762798,0.241908333,0.18885,0.142270833,NA,NA,1.994583333,2.555,3.403333333,4.285833333,6.647916667,1.474166667,2.247083333,NA,4.672916667,6.732916667,NA,NA,NA,2.385416667,-0.044055383,-0.106875
DC32PA,1/14/2022,22,January,Winter,1,A,Persistent,14,21.61,0.0227,V-139479,418.01,-8.6,19.09422732,0.65018705,91.39081964,3.077737265,-27.17533529,2.39,50.17,7,185,0.849177472,2,9,376,350.137,36.27908333,279.4252917,303.0957917,-1.6025,1.26,-0.23125,67.809875,7.858708333,74.696875,117.0766667,2.420958333,5.391166667,0.1533125,0.224891667,NA,0.1045125,0.128448271,0.212329167,0.191054167,0.167270833,NA,NA,1.384166667,1.971666667,2.8875,3.78625,5.929166667,0.720833333,1.4425,NA,3.695833333,5.652916667,NA,NA,NA,1.41375,0.012225311,-0.120708333
DC32PB,1/14/2022,22,January,Winter,2,B,Persistent,14,23.34,0.00807,V-139480,418.01,-8.6,18.54831065,0.626031445,97.70162241,2.494352017,-26.65392536,2.22,50.99,5,121,0.763033048,2,8,538,350.137,36.27908333,279.4252917,303.0957917,-1.6025,1.26,-0.23125,67.809875,7.858708333,74.696875,117.0766667,2.420958333,5.391166667,0.1533125,0.224891667,NA,0.1045125,0.128448271,0.212329167,0.191054167,0.167270833,NA,NA,1.384166667,1.971666667,2.8875,3.78625,5.929166667,0.720833333,1.4425,NA,3.695833333,5.652916667,NA,NA,NA,1.41375,0.012225311,-0.120708333
DC32PC,1/14/2022,22,January,Winter,3,C,Persistent,14,19.23,0.0943,V-139481,418.01,-8.6,18.86381868,0.639991977,94.05434606,2.178680046,-26.95533807,2.74,50.34,6,63,1.263712811,4,9,404,350.137,36.27908333,279.4252917,303.0957917,-1.6025,1.26,-0.23125,67.809875,7.858708333,74.696875,117.0766667,2.420958333,5.391166667,0.1533125,0.224891667,NA,0.1045125,0.128448271,0.212329167,0.191054167,0.167270833,NA,NA,1.384166667,1.971666667,2.8875,3.78625,5.929166667,0.720833333,1.4425,NA,3.695833333,5.652916667,NA,NA,NA,1.41375,0.012225311,-0.120708333
DC32PD,1/14/2022,22,January,Winter,4,D,Persistent,14,21.8,0.0203,V-139482,418.01,-8.6,18.872674,0.640383806,93.95197841,3.957037751,-26.96379509,2.16,49.36,13,292,1.219429147,3,9,131,350.137,36.27908333,279.4252917,303.0957917,-1.6025,1.26,-0.23125,67.809875,7.858708333,74.696875,117.0766667,2.420958333,5.391166667,0.1533125,0.224891667,NA,0.1045125,0.128448271,0.212329167,0.191054167,0.167270833,NA,NA,1.384166667,1.971666667,2.8875,3.78625,5.929166667,0.720833333,1.4425,NA,3.695833333,5.652916667,NA,NA,NA,1.41375,0.012225311,-0.120708333
DC32PE,1/14/2022,22,January,Winter,5,E,Persistent,14,22.72,0.0117,V-139483,418.01,-8.6,20.40340615,0.708115317,76.25669783,1.635945458,-28.42347054,2.12,49.65,11,172,1.051865128,3,11,97,350.137,36.27908333,279.4252917,303.0957917,-1.6025,1.26,-0.23125,67.809875,7.858708333,74.696875,117.0766667,2.420958333,5.391166667,0.1533125,0.224891667,NA,0.1045125,0.128448271,0.212329167,0.191054167,0.167270833,NA,NA,1.384166667,1.971666667,2.8875,3.78625,5.929166667,0.720833333,1.4425,NA,3.695833333,5.652916667,NA,NA,NA,1.41375,0.012225311,-0.120708333
DC32PF,1/14/2022,22,January,Winter,6,F,Persistent,14,21.64,0.0223,V-139486,418.01,-8.6,19.8600611,0.6840735,82.53777266,3.155337597,-27.90584923,2.62,49.58,9,264,1.123954431,3,10,299,350.137,36.27908333,279.4252917,303.0957917,-1.6025,1.26,-0.23125,67.809875,7.858708333,74.696875,117.0766667,2.420958333,5.391166667,0.1533125,0.224891667,NA,0.1045125,0.128448271,0.212329167,0.191054167,0.167270833,NA,NA,1.384166667,1.971666667,2.8875,3.78625,5.929166667,0.720833333,1.4425,NA,3.695833333,5.652916667,NA,NA,NA,1.41375,0.012225311,-0.120708333
DC33PA,1/28/2022,23,January,Winter,1,A,Persistent,15,23.44,0.00761,V-139487,418.01,-8.6,18.6030989,0.628455703,97.06826965,3.174433002,-26.70627934,2.53,49.97,7,155,0.826893107,2,7,185,274.311,31.91433333,275.7031667,294.918875,-4.359583333,1.19,-3.994583333,65.297125,14.16741667,94.49629167,175.9033333,1.471375,16.27720833,0.147708333,0.218783333,NA,0.106441667,0.127716071,0.217983333,0.1933125,0.176895833,0.142158333,NA,0.940416667,1.4225,2.247916667,3.06,5.04,0.6825,1.386666667,NA,3.379166667,4.96875,NA,NA,NA,0.705,-0.091938406,-0.103458333
DC33PB,1/28/2022,23,January,Winter,2,B,Persistent,15,19.92,0.0624,V-139488,418.01,-8.6,19.85981446,0.684062587,82.54062384,1.598143486,-27.90561414,1.79,50.54,8,148,1.228466454,3,5,121,274.311,31.91433333,275.7031667,294.918875,-4.359583333,1.19,-3.994583333,65.297125,14.16741667,94.49629167,175.9033333,1.471375,16.27720833,0.147708333,0.218783333,NA,0.106441667,0.127716071,0.217983333,0.1933125,0.176895833,0.142158333,NA,0.940416667,1.4225,2.247916667,3.06,5.04,0.6825,1.386666667,NA,3.379166667,4.96875,NA,NA,NA,0.705,-0.091938406,-0.103458333
DC33PC,1/28/2022,23,January,Winter,3,C,Persistent,15,19.67,0.0725,V-139489,418.01,-8.6,19.05008764,0.648233966,91.90107486,2.032982706,-27.13319784,2.27,49.95,7,682,0.958538605,3,6,63,274.311,31.91433333,275.7031667,294.918875,-4.359583333,1.19,-3.994583333,65.297125,14.16741667,94.49629167,175.9033333,1.471375,16.27720833,0.147708333,0.218783333,NA,0.106441667,0.127716071,0.217983333,0.1933125,0.176895833,0.142158333,NA,0.940416667,1.4225,2.247916667,3.06,5.04,0.6825,1.386666667,NA,3.379166667,4.96875,NA,NA,NA,0.705,-0.091938406,-0.103458333
DC33PD,1/28/2022,23,January,Winter,4,D,Persistent,15,21.8,0.0203,V-139490,418.01,-8.6,19.65077855,0.67481321,84.95708127,1.253147089,-27.70632764,2.4,49.83,11,220,1.155574334,3,13,292,274.311,31.91433333,275.7031667,294.918875,-4.359583333,1.19,-3.994583333,65.297125,14.16741667,94.49629167,175.9033333,1.471375,16.27720833,0.147708333,0.218783333,NA,0.106441667,0.127716071,0.217983333,0.1933125,0.176895833,0.142158333,NA,0.940416667,1.4225,2.247916667,3.06,5.04,0.6825,1.386666667,NA,3.379166667,4.96875,NA,NA,NA,0.705,-0.091938406,-0.103458333
DC33PE,1/28/2022,23,January,Winter,5,E,Persistent,15,22.72,0.0117,V-139491,418.01,-8.6,19.36272635,0.662067538,88.28696783,1.738417465,-27.43157625,2.17,49.15,9,685,0.833995183,2,11,172,274.311,31.91433333,275.7031667,294.918875,-4.359583333,1.19,-3.994583333,65.297125,14.16741667,94.49629167,175.9033333,1.471375,16.27720833,0.147708333,0.218783333,NA,0.106441667,0.127716071,0.217983333,0.1933125,0.176895833,0.142158333,NA,0.940416667,1.4225,2.247916667,3.06,5.04,0.6825,1.386666667,NA,3.379166667,4.96875,NA,NA,NA,0.705,-0.091938406,-0.103458333
DC33PF,1/28/2022,23,February,Winter,6,F,Persistent,15,21.64,0.0223,V-139492,418.99,-8.71,19.95967376,0.68848114,81.57705456,2.369668877,-28.10863458,2.22,49.34,6,390,0.735697353,2,9,264,274.311,31.91433333,275.7031667,294.918875,-4.359583333,1.19,-3.994583333,65.297125,14.16741667,94.49629167,175.9033333,1.471375,16.27720833,0.147708333,0.218783333,NA,0.106441667,0.127716071,0.217983333,0.1933125,0.176895833,0.142158333,NA,0.940416667,1.4225,2.247916667,3.06,5.04,0.6825,1.386666667,NA,3.379166667,4.96875,NA,NA,NA,0.705,-0.091938406,-0.103458333
DC34PA,2/10/2022,24,February,Winter,1,A,Persistent,16,20.42,0.0463,V-139493,418.99,-8.71,18.7966338,0.637019195,95.05332972,2.754009969,-26.99914084,2.42,50.29,11,122,1.072804667,3,7,155,533.803,46.141875,250.4056667,297.3073333,-2.84,7.6,-3.342916667,126.2315,33.186875,81.94995833,138.3679167,1.304541667,14.49770833,0.129270833,0.2097,NA,0.10265,0.104002871,0.182041667,0.181958333,0.1683,0.134104167,NA,0.34,0.864166667,1.777083333,2.600833333,4.555,0.235,0.955833333,NA,2.964583333,4.555,NA,NA,NA,0.914583333,0.301340909,-0.12275
DC34PB,2/10/2022,24,February,Winter,2,B,Persistent,16,19.56,0.0774,V-139494,418.99,-8.71,18.62312341,0.629341744,97.06381422,1.668623073,-26.83340166,2.17,50.84,7,101,0.805849005,2,8,148,533.803,46.141875,250.4056667,297.3073333,-2.84,7.6,-3.342916667,126.2315,33.186875,81.94995833,138.3679167,1.304541667,14.49770833,0.129270833,0.2097,NA,0.10265,0.104002871,0.182041667,0.181958333,0.1683,0.134104167,NA,0.34,0.864166667,1.777083333,2.600833333,4.555,0.235,0.955833333,NA,2.964583333,4.555,NA,NA,NA,0.914583333,0.301340909,-0.12275
DC34PC,2/10/2022,24,February,Winter,3,C,Persistent,16,20.55,0.0428,V-139495,418.99,-8.71,18.81030416,0.637624078,94.89492972,2.476082634,-27.01219653,2.57,49.31,6,147,0.871173383,2,7,682,533.803,46.141875,250.4056667,297.3073333,-2.84,7.6,-3.342916667,126.2315,33.186875,81.94995833,138.3679167,1.304541667,14.49770833,0.129270833,0.2097,NA,0.10265,0.104002871,0.182041667,0.181958333,0.1683,0.134104167,NA,0.34,0.864166667,1.777083333,2.600833333,4.555,0.235,0.955833333,NA,2.964583333,4.555,NA,NA,NA,0.914583333,0.301340909,-0.12275
DC34PD,2/10/2022,24,February,Winter,4,D,Persistent,16,21.56,0.0234,V-139498,418.99,-8.71,18.61321956,0.62890352,97.17857127,3.904724214,-26.82393968,1.97,49.24,13,216,0.824756474,2,11,220,533.803,46.141875,250.4056667,297.3073333,-2.84,7.6,-3.342916667,126.2315,33.186875,81.94995833,138.3679167,1.304541667,14.49770833,0.129270833,0.2097,NA,0.10265,0.104002871,0.182041667,0.181958333,0.1683,0.134104167,NA,0.34,0.864166667,1.777083333,2.600833333,4.555,0.235,0.955833333,NA,2.964583333,4.555,NA,NA,NA,0.914583333,0.301340909,-0.12275
DC34PE,2/10/2022,24,February,Winter,5,E,Persistent,16,22.01,0.0179,V-139499,418.99,-8.71,19.82377851,0.682468076,83.15168815,1.166654316,-27.9791265,2.57,48.81,10,257,0.933248747,3,9,685,533.803,46.141875,250.4056667,297.3073333,-2.84,7.6,-3.342916667,126.2315,33.186875,81.94995833,138.3679167,1.304541667,14.49770833,0.129270833,0.2097,NA,0.10265,0.104002871,0.182041667,0.181958333,0.1683,0.134104167,NA,0.34,0.864166667,1.777083333,2.600833333,4.555,0.235,0.955833333,NA,2.964583333,4.555,NA,NA,NA,0.914583333,0.301340909,-0.12275
DC34PF,2/10/2022,24,February,Winter,6,F,Persistent,16,22.11,0.0169,V-139500,418.99,-8.71,19.00749451,0.646349315,92.61006289,3.071869033,-27.20048151,2.66,48.63,12,308,0.906271639,2,6,390,533.803,46.141875,250.4056667,297.3073333,-2.84,7.6,-3.342916667,126.2315,33.186875,81.94995833,138.3679167,1.304541667,14.49770833,0.129270833,0.2097,NA,0.10265,0.104002871,0.182041667,0.181958333,0.1683,0.134104167,NA,0.34,0.864166667,1.777083333,2.600833333,4.555,0.235,0.955833333,NA,2.964583333,4.555,NA,NA,NA,0.914583333,0.301340909,-0.12275
DC35PA,2/24/2022,25,February,Winter,1,A,Persistent,17,25.64,0.00204,V-139501,418.99,-8.71,18.61096516,0.628803768,97.20469322,3.090288908,-26.82178584,2.62,49.73,9,257,1.005993602,3,11,122,546.802,25.69616667,254.6686667,310.6855,-1.227083333,2,-0.2275,136.0004583,54.28745833,69.11616667,185.82125,2.689333333,9.527875,0.1451375,0.210495833,NA,0.096291667,0.09859244,0.217025,0.1874375,0.1678,0.127833333,NA,0.409583333,0.79875,1.578333333,2.325,4.065,0.315,0.906666667,NA,2.676666667,4.103333333,NA,NA,NA,0.562083333,-0.06902152,-0.154208333
DC35PB,2/24/2022,25,February,Winter,2,B,Persistent,17,20.03,0.0584,V-139502,418.99,-8.71,19.5334394,0.669621212,86.51588017,1.545160051,-27.70231785,2.03,50.49,9,249,1.079593265,3,7,101,546.802,25.69616667,254.6686667,310.6855,-1.227083333,2,-0.2275,136.0004583,54.28745833,69.11616667,185.82125,2.689333333,9.527875,0.1451375,0.210495833,NA,0.096291667,0.09859244,0.217025,0.1874375,0.1678,0.127833333,NA,0.409583333,0.79875,1.578333333,2.325,4.065,0.315,0.906666667,NA,2.676666667,4.103333333,NA,NA,NA,0.562083333,-0.06902152,-0.154208333
DC35PC,2/24/2022,25,February,Winter,3,C,Persistent,17,19.47,0.0817,V-139503,418.99,-8.71,18.73470151,0.634278828,95.77094619,1.756659118,-26.93998886,2.77,49.58,8,149,0.872520003,2,6,147,546.802,25.69616667,254.6686667,310.6855,-1.227083333,2,-0.2275,136.0004583,54.28745833,69.11616667,185.82125,2.689333333,9.527875,0.1451375,0.210495833,NA,0.096291667,0.09859244,0.217025,0.1874375,0.1678,0.127833333,NA,0.409583333,0.79875,1.578333333,2.325,4.065,0.315,0.906666667,NA,2.676666667,4.103333333,NA,NA,NA,0.562083333,-0.06902152,-0.154208333
DC35PD,2/24/2022,25,February,Winter,4,D,Persistent,17,21.56,0.0234,V-139535,418.99,-8.71,18.90006999,0.641596017,93.854803,3.170873283,-27.09791745,2.22,51.66,11,152,1.008508693,3,13,216,546.802,25.69616667,254.6686667,310.6855,-1.227083333,2,-0.2275,136.0004583,54.28745833,69.11616667,185.82125,2.689333333,9.527875,0.1451375,0.210495833,NA,0.096291667,0.09859244,0.217025,0.1874375,0.1678,0.127833333,NA,0.409583333,0.79875,1.578333333,2.325,4.065,0.315,0.906666667,NA,2.676666667,4.103333333,NA,NA,NA,0.562083333,-0.06902152,-0.154208333
DC35PE,2/24/2022,25,February,Winter,5,E,Persistent,17,22.01,0.0179,V-139536,418.99,-8.71,19.70532805,0.677226905,84.52418695,1.042928302,-27.86621514,2.23,51.01,9,646,0.493606405,2,10,257,546.802,25.69616667,254.6686667,310.6855,-1.227083333,2,-0.2275,136.0004583,54.28745833,69.11616667,185.82125,2.689333333,9.527875,0.1451375,0.210495833,NA,0.096291667,0.09859244,0.217025,0.1874375,0.1678,0.127833333,NA,0.409583333,0.79875,1.578333333,2.325,4.065,0.315,0.906666667,NA,2.676666667,4.103333333,NA,NA,NA,0.562083333,-0.06902152,-0.154208333
DC35PF,2/24/2022,25,February,Winter,6,F,Persistent,17,22.11,0.0169,V-139537,418.99,-8.71,20.02323523,0.691293594,80.84056055,2.314952992,-28.16919678,2.35,52.66,10,354,0.61678447,2,12,308,546.802,25.69616667,254.6686667,310.6855,-1.227083333,2,-0.2275,136.0004583,54.28745833,69.11616667,185.82125,2.689333333,9.527875,0.1451375,0.210495833,NA,0.096291667,0.09859244,0.217025,0.1874375,0.1678,0.127833333,NA,0.409583333,0.79875,1.578333333,2.325,4.065,0.315,0.906666667,NA,2.676666667,4.103333333,NA,NA,NA,0.562083333,-0.06902152,-0.154208333
